Algoritmo,Acertos,Erros,Porcentagem Acerto,Porcentagem Erro,,,,,,,
OVO,10,53,"0,15873015873","0,8412698413",,,,,,,
OVO,14,49,"0,22222222222","0,7777777778",,,Media Acerto OVO,,"0,1273650794",DesvioPadr,"0,0410396314"
OVO,9,54,"0,14285714286","0,8571428571",,,Media Acerto OVR,,"0,4845894301",DesvioPadr,"0,0458706034"
OVO,11,52,"0,1746031746","0,8253968254",,,Media Acerto DTN,,"0,6074725614",DesvioPadr,"0,1000195162"
OVO,8,55,"0,126984127","0,873015873",,,Media Acerto SGD,,"0,3262303308",DesvioPadr,"0,2175713173"
OVO,4,59,"0,0634920635","0,9365079365",,,,,,,
OVO,5,58,"0,0793650794","0,9206349206",,,Melhor OVO,"0,3174603175",,,
OVO,7,56,"0,1111111111","0,8888888889",,,Melhor OVR,"0,6923076923",,,
OVO,5,58,"0,0793650794","0,9206349206",,,Melhor DTN,"0,775862069",,,
OVO,9,54,"0,1428571429","0,8571428571",,,Melhor SGD,"0,6136363636",,,
OVO,9,54,"0,1428571429","0,8571428571",,,,,,,
OVO,8,55,"0,126984127","0,873015873",,,Pior OVO,"0,0158730159",,,
OVO,13,50,"0,2063492063","0,7936507937",,,Pior OVR,"0,1896551724",,,
OVO,6,57,"0,0952380952","0,9047619048",,,Pior DTN,"0,3653846154",,,
OVO,7,56,"0,1111111111","0,8888888889",,,Pior SGD,"0,0952380952",,,
OVO,8,55,"0,126984127","0,873015873",,,,,,,
OVO,7,56,"0,1111111111","0,8888888889",,,,,,,
OVO,4,59,"0,0634920635","0,9365079365",,,,,,,
OVO,9,54,"0,1428571429","0,8571428571",,,,,,,
OVO,7,56,"0,1111111111","0,8888888889",,,,,,,
OVO,7,56,"0,1111111111","0,8888888889",,,,,,,
OVO,7,56,"0,1111111111","0,8888888889",,,,,,,
OVO,9,54,"0,1428571429","0,8571428571",,,,,,,
OVO,15,48,"0,2380952381","0,7619047619",,,,,,,
OVO,8,55,"0,126984127","0,873015873",,,,,,,
OVO,10,53,"0,1587301587","0,8412698413",,,,,,,
OVO,5,58,"0,0793650794","0,9206349206",,,,,,,
OVO,13,50,"0,2063492063","0,7936507937",,,,,,,
OVO,8,55,"0,126984127","0,873015873",,,,,,,
OVO,9,54,"0,1428571429","0,8571428571",,,,,,,
OVO,11,52,"0,1746031746","0,8253968254",,,,,,,
OVO,6,57,"0,0952380952","0,9047619048",,,,,,,
OVO,8,55,"0,126984127","0,873015873",,,,,,,
OVO,5,58,"0,0793650794","0,9206349206",,,,,,,
OVO,6,57,"0,0952380952","0,9047619048",,,,,,,
OVO,9,54,"0,1428571429","0,8571428571",,,,,,,
OVO,9,54,"0,1428571429","0,8571428571",,,,,,,
OVO,7,56,"0,1111111111","0,8888888889",,,,,,,
OVO,6,57,"0,0952380952","0,9047619048",,,,,,,
OVO,9,54,"0,1428571429","0,8571428571",,,,,,,
OVO,5,58,"0,0793650794","0,9206349206",,,,,,,
OVO,6,57,"0,0952380952","0,9047619048",,,,,,,
OVO,5,58,"0,0793650794","0,9206349206",,,,,,,
OVO,10,53,"0,1587301587","0,8412698413",,,,,,,
OVO,5,58,"0,0793650794","0,9206349206",,,,,,,
OVO,5,58,"0,0793650794","0,9206349206",,,,,,,
OVO,4,59,"0,0634920635","0,9365079365",,,,,,,
OVO,9,54,"0,1428571429","0,8571428571",,,,,,,
OVO,7,56,"0,1111111111","0,8888888889",,,,,,,
OVO,7,56,"0,1111111111","0,8888888889",,,,,,,
OVO,7,56,"0,1111111111","0,8888888889",,,,,,,
OVO,5,58,"0,0793650794","0,9206349206",,,,,,,
OVO,5,58,"0,0793650794","0,9206349206",,,,,,,
OVO,10,53,"0,1587301587","0,8412698413",,,,,,,
OVO,8,55,"0,126984127","0,873015873",,,,,,,
OVO,6,57,"0,0952380952","0,9047619048",,,,,,,
OVO,9,54,"0,1428571429","0,8571428571",,,,,,,
OVO,8,55,"0,126984127","0,873015873",,,,,,,
OVO,10,53,"0,1587301587","0,8412698413",,,,,,,
OVO,9,54,"0,1428571429","0,8571428571",,,,,,,
OVO,9,54,"0,1428571429","0,8571428571",,,,,,,
OVO,7,56,"0,1111111111","0,8888888889",,,,,,,
OVO,8,55,"0,126984127","0,873015873",,,,,,,
OVO,8,55,"0,126984127","0,873015873",,,,,,,
OVO,13,50,"0,2063492063","0,7936507937",,,,,,,
OVO,6,57,"0,0952380952","0,9047619048",,,,,,,
OVO,14,49,"0,2222222222","0,7777777778",,,,,,,
OVO,6,57,"0,0952380952","0,9047619048",,,,,,,
OVO,11,52,"0,1746031746","0,8253968254",,,,,,,
OVO,8,55,"0,126984127","0,873015873",,,,,,,
OVO,10,53,"0,1587301587","0,8412698413",,,,,,,
OVO,10,53,"0,1587301587","0,8412698413",,,,,,,
OVO,8,55,"0,126984127","0,873015873",,,,,,,
OVO,5,58,"0,0793650794","0,9206349206",,,,,,,
OVO,11,52,"0,1746031746","0,8253968254",,,,,,,
OVO,10,53,"0,1587301587","0,8412698413",,,,,,,
OVO,9,54,"0,1428571429","0,8571428571",,,,,,,
OVO,7,56,"0,1111111111","0,8888888889",,,,,,,
OVO,7,56,"0,1111111111","0,8888888889",,,,,,,
OVO,8,55,"0,126984127","0,873015873",,,,,,,
OVO,11,52,"0,1746031746","0,8253968254",,,,,,,
OVO,10,53,"0,1587301587","0,8412698413",,,,,,,
OVO,7,56,"0,1111111111","0,8888888889",,,,,,,
OVO,7,56,"0,1111111111","0,8888888889",,,,,,,
OVO,9,54,"0,1428571429","0,8571428571",,,,,,,
OVO,7,56,"0,1111111111","0,8888888889",,,,,,,
OVO,7,56,"0,1111111111","0,8888888889",,,,,,,
OVO,11,52,"0,1746031746","0,8253968254",,,,,,,
OVO,10,53,"0,1587301587","0,8412698413",,,,,,,
OVO,7,56,"0,1111111111","0,8888888889",,,,,,,
OVO,4,59,"0,0634920635","0,9365079365",,,,,,,
OVO,7,56,"0,1111111111","0,8888888889",,,,,,,
OVO,8,55,"0,126984127","0,873015873",,,,,,,
OVO,7,56,"0,1111111111","0,8888888889",,,,,,,
OVO,12,51,"0,1904761905","0,8095238095",,,,,,,
OVO,7,56,"0,1111111111","0,8888888889",,,,,,,
OVO,8,55,"0,126984127","0,873015873",,,,,,,
OVO,12,51,"0,1904761905","0,8095238095",,,,,,,
OVO,8,55,"0,126984127","0,873015873",,,,,,,
OVO,7,56,"0,1111111111","0,8888888889",,,,,,,
OVO,11,52,"0,1746031746","0,8253968254",,,,,,,
OVO,4,59,"0,0634920635","0,9365079365",,,,,,,
OVO,8,55,"0,126984127","0,873015873",,,,,,,
OVO,8,55,"0,126984127","0,873015873",,,,,,,
OVO,14,49,"0,2222222222","0,7777777778",,,,,,,
OVO,6,57,"0,0952380952","0,9047619048",,,,,,,
OVO,6,57,"0,0952380952","0,9047619048",,,,,,,
OVO,5,58,"0,0793650794","0,9206349206",,,,,,,
OVO,10,53,"0,1587301587","0,8412698413",,,,,,,
OVO,9,54,"0,1428571429","0,8571428571",,,,,,,
OVO,7,56,"0,1111111111","0,8888888889",,,,,,,
OVO,9,54,"0,1428571429","0,8571428571",,,,,,,
OVO,11,52,"0,1746031746","0,8253968254",,,,,,,
OVO,4,59,"0,0634920635","0,9365079365",,,,,,,
OVO,10,53,"0,1587301587","0,8412698413",,,,,,,
OVO,4,59,"0,0634920635","0,9365079365",,,,,,,
OVO,6,57,"0,0952380952","0,9047619048",,,,,,,
OVO,9,54,"0,1428571429","0,8571428571",,,,,,,
OVO,4,59,"0,0634920635","0,9365079365",,,,,,,
OVO,13,50,"0,2063492063","0,7936507937",,,,,,,
OVO,10,53,"0,1587301587","0,8412698413",,,,,,,
OVO,11,52,"0,1746031746","0,8253968254",,,,,,,
OVO,8,55,"0,126984127","0,873015873",,,,,,,
OVO,10,53,"0,1587301587","0,8412698413",,,,,,,
OVO,6,57,"0,0952380952","0,9047619048",,,,,,,
OVO,10,53,"0,1587301587","0,8412698413",,,,,,,
OVO,3,60,"0,0476190476","0,9523809524",,,,,,,
OVO,6,57,"0,0952380952","0,9047619048",,,,,,,
OVO,8,55,"0,126984127","0,873015873",,,,,,,
OVO,8,55,"0,126984127","0,873015873",,,,,,,
OVO,4,59,"0,0634920635","0,9365079365",,,,,,,
OVO,8,55,"0,126984127","0,873015873",,,,,,,
OVO,11,52,"0,1746031746","0,8253968254",,,,,,,
OVO,10,53,"0,1587301587","0,8412698413",,,,,,,
OVO,5,58,"0,0793650794","0,9206349206",,,,,,,
OVO,9,54,"0,1428571429","0,8571428571",,,,,,,
OVO,11,52,"0,1746031746","0,8253968254",,,,,,,
OVO,11,52,"0,1746031746","0,8253968254",,,,,,,
OVO,6,57,"0,0952380952","0,9047619048",,,,,,,
OVO,9,54,"0,1428571429","0,8571428571",,,,,,,
OVO,8,55,"0,126984127","0,873015873",,,,,,,
OVO,9,54,"0,1428571429","0,8571428571",,,,,,,
OVO,9,54,"0,1428571429","0,8571428571",,,,,,,
OVO,10,53,"0,1587301587","0,8412698413",,,,,,,
OVO,4,59,"0,0634920635","0,9365079365",,,,,,,
OVO,8,55,"0,126984127","0,873015873",,,,,,,
OVO,8,55,"0,126984127","0,873015873",,,,,,,
OVO,9,54,"0,1428571429","0,8571428571",,,,,,,
OVO,8,55,"0,126984127","0,873015873",,,,,,,
OVO,7,56,"0,1111111111","0,8888888889",,,,,,,
OVO,10,53,"0,1587301587","0,8412698413",,,,,,,
OVO,7,56,"0,1111111111","0,8888888889",,,,,,,
OVO,6,57,"0,0952380952","0,9047619048",,,,,,,
OVO,11,52,"0,1746031746","0,8253968254",,,,,,,
OVO,8,55,"0,126984127","0,873015873",,,,,,,
OVO,10,53,"0,1587301587","0,8412698413",,,,,,,
OVO,4,59,"0,0634920635","0,9365079365",,,,,,,
OVO,5,58,"0,0793650794","0,9206349206",,,,,,,
OVO,8,55,"0,126984127","0,873015873",,,,,,,
OVO,5,58,"0,0793650794","0,9206349206",,,,,,,
OVO,7,56,"0,1111111111","0,8888888889",,,,,,,
OVO,7,56,"0,1111111111","0,8888888889",,,,,,,
OVO,10,53,"0,1587301587","0,8412698413",,,,,,,
OVO,8,55,"0,126984127","0,873015873",,,,,,,
OVO,7,56,"0,1111111111","0,8888888889",,,,,,,
OVO,7,56,"0,1111111111","0,8888888889",,,,,,,
OVO,7,56,"0,1111111111","0,8888888889",,,,,,,
OVO,7,56,"0,1111111111","0,8888888889",,,,,,,
OVO,10,53,"0,1587301587","0,8412698413",,,,,,,
OVO,5,58,"0,0793650794","0,9206349206",,,,,,,
OVO,6,57,"0,0952380952","0,9047619048",,,,,,,
OVO,9,54,"0,1428571429","0,8571428571",,,,,,,
OVO,3,60,"0,0476190476","0,9523809524",,,,,,,
OVO,8,55,"0,126984127","0,873015873",,,,,,,
OVO,6,57,"0,0952380952","0,9047619048",,,,,,,
OVO,8,55,"0,126984127","0,873015873",,,,,,,
OVO,7,56,"0,1111111111","0,8888888889",,,,,,,
OVO,8,55,"0,126984127","0,873015873",,,,,,,
OVO,8,55,"0,126984127","0,873015873",,,,,,,
OVO,9,54,"0,1428571429","0,8571428571",,,,,,,
OVO,9,54,"0,1428571429","0,8571428571",,,,,,,
OVO,11,52,"0,1746031746","0,8253968254",,,,,,,
OVO,11,52,"0,1746031746","0,8253968254",,,,,,,
OVO,5,58,"0,0793650794","0,9206349206",,,,,,,
OVO,5,58,"0,0793650794","0,9206349206",,,,,,,
OVO,9,54,"0,1428571429","0,8571428571",,,,,,,
OVO,10,53,"0,1587301587","0,8412698413",,,,,,,
OVO,6,57,"0,0952380952","0,9047619048",,,,,,,
OVO,5,58,"0,0793650794","0,9206349206",,,,,,,
OVO,9,54,"0,1428571429","0,8571428571",,,,,,,
OVO,7,56,"0,1111111111","0,8888888889",,,,,,,
OVO,9,54,"0,1428571429","0,8571428571",,,,,,,
OVO,5,58,"0,0793650794","0,9206349206",,,,,,,
OVO,5,58,"0,0793650794","0,9206349206",,,,,,,
OVO,7,56,"0,1111111111","0,8888888889",,,,,,,
OVO,7,56,"0,1111111111","0,8888888889",,,,,,,
OVO,4,59,"0,0634920635","0,9365079365",,,,,,,
OVO,10,53,"0,1587301587","0,8412698413",,,,,,,
OVO,6,57,"0,0952380952","0,9047619048",,,,,,,
OVO,11,52,"0,1746031746","0,8253968254",,,,,,,
OVO,7,56,"0,1111111111","0,8888888889",,,,,,,
OVO,7,56,"0,1111111111","0,8888888889",,,,,,,
OVO,5,58,"0,0793650794","0,9206349206",,,,,,,
OVO,9,54,"0,1428571429","0,8571428571",,,,,,,
OVO,7,56,"0,1111111111","0,8888888889",,,,,,,
OVO,8,55,"0,126984127","0,873015873",,,,,,,
OVO,8,55,"0,126984127","0,873015873",,,,,,,
OVO,8,55,"0,126984127","0,873015873",,,,,,,
OVO,7,56,"0,1111111111","0,8888888889",,,,,,,
OVO,6,57,"0,0952380952","0,9047619048",,,,,,,
OVO,6,57,"0,0952380952","0,9047619048",,,,,,,
OVO,6,57,"0,0952380952","0,9047619048",,,,,,,
OVO,8,55,"0,126984127","0,873015873",,,,,,,
OVO,13,50,"0,2063492063","0,7936507937",,,,,,,
OVO,9,54,"0,1428571429","0,8571428571",,,,,,,
OVO,10,53,"0,1587301587","0,8412698413",,,,,,,
OVO,8,55,"0,126984127","0,873015873",,,,,,,
OVO,7,56,"0,1111111111","0,8888888889",,,,,,,
OVO,11,52,"0,1746031746","0,8253968254",,,,,,,
OVO,7,56,"0,1111111111","0,8888888889",,,,,,,
OVO,13,50,"0,2063492063","0,7936507937",,,,,,,
OVO,8,55,"0,126984127","0,873015873",,,,,,,
OVO,8,55,"0,126984127","0,873015873",,,,,,,
OVO,8,55,"0,126984127","0,873015873",,,,,,,
OVO,8,55,"0,126984127","0,873015873",,,,,,,
OVO,6,57,"0,0952380952","0,9047619048",,,,,,,
OVO,10,53,"0,1587301587","0,8412698413",,,,,,,
OVO,9,54,"0,1428571429","0,8571428571",,,,,,,
OVO,4,59,"0,0634920635","0,9365079365",,,,,,,
OVO,10,53,"0,1587301587","0,8412698413",,,,,,,
OVO,9,54,"0,1428571429","0,8571428571",,,,,,,
OVO,7,56,"0,1111111111","0,8888888889",,,,,,,
OVO,6,57,"0,0952380952","0,9047619048",,,,,,,
OVO,9,54,"0,1428571429","0,8571428571",,,,,,,
OVO,10,53,"0,1587301587","0,8412698413",,,,,,,
OVO,10,53,"0,1587301587","0,8412698413",,,,,,,
OVO,12,51,"0,1904761905","0,8095238095",,,,,,,
OVO,3,60,"0,0476190476","0,9523809524",,,,,,,
OVO,6,57,"0,0952380952","0,9047619048",,,,,,,
OVO,4,59,"0,0634920635","0,9365079365",,,,,,,
OVO,7,56,"0,1111111111","0,8888888889",,,,,,,
OVO,9,54,"0,1428571429","0,8571428571",,,,,,,
OVO,5,58,"0,0793650794","0,9206349206",,,,,,,
OVO,9,54,"0,1428571429","0,8571428571",,,,,,,
OVO,8,55,"0,126984127","0,873015873",,,,,,,
OVO,14,49,"0,2222222222","0,7777777778",,,,,,,
OVO,5,58,"0,0793650794","0,9206349206",,,,,,,
OVO,18,45,"0,2857142857","0,7142857143",,,,,,,
OVO,9,54,"0,1428571429","0,8571428571",,,,,,,
OVO,9,54,"0,1428571429","0,8571428571",,,,,,,
OVO,13,50,"0,2063492063","0,7936507937",,,,,,,
OVO,9,54,"0,1428571429","0,8571428571",,,,,,,
OVO,13,50,"0,2063492063","0,7936507937",,,,,,,
OVO,5,58,"0,0793650794","0,9206349206",,,,,,,
OVO,8,55,"0,126984127","0,873015873",,,,,,,
OVO,6,57,"0,0952380952","0,9047619048",,,,,,,
OVO,7,56,"0,1111111111","0,8888888889",,,,,,,
OVO,8,55,"0,126984127","0,873015873",,,,,,,
OVO,15,48,"0,2380952381","0,7619047619",,,,,,,
OVO,7,56,"0,1111111111","0,8888888889",,,,,,,
OVO,7,56,"0,1111111111","0,8888888889",,,,,,,
OVO,7,56,"0,1111111111","0,8888888889",,,,,,,
OVO,5,58,"0,0793650794","0,9206349206",,,,,,,
OVO,5,58,"0,0793650794","0,9206349206",,,,,,,
OVO,8,55,"0,126984127","0,873015873",,,,,,,
OVO,7,56,"0,1111111111","0,8888888889",,,,,,,
OVO,6,57,"0,0952380952","0,9047619048",,,,,,,
OVO,8,55,"0,126984127","0,873015873",,,,,,,
OVO,9,54,"0,1428571429","0,8571428571",,,,,,,
OVO,7,56,"0,1111111111","0,8888888889",,,,,,,
OVO,6,57,"0,0952380952","0,9047619048",,,,,,,
OVO,9,54,"0,1428571429","0,8571428571",,,,,,,
OVO,8,55,"0,126984127","0,873015873",,,,,,,
OVO,8,55,"0,126984127","0,873015873",,,,,,,
OVO,5,58,"0,0793650794","0,9206349206",,,,,,,
OVO,8,55,"0,126984127","0,873015873",,,,,,,
OVO,7,56,"0,1111111111","0,8888888889",,,,,,,
OVO,9,54,"0,1428571429","0,8571428571",,,,,,,
OVO,7,56,"0,1111111111","0,8888888889",,,,,,,
OVO,12,51,"0,1904761905","0,8095238095",,,,,,,
OVO,8,55,"0,126984127","0,873015873",,,,,,,
OVO,9,54,"0,1428571429","0,8571428571",,,,,,,
OVO,4,59,"0,0634920635","0,9365079365",,,,,,,
OVO,7,56,"0,1111111111","0,8888888889",,,,,,,
OVO,9,54,"0,1428571429","0,8571428571",,,,,,,
OVO,8,55,"0,126984127","0,873015873",,,,,,,
OVO,11,52,"0,1746031746","0,8253968254",,,,,,,
OVO,8,55,"0,126984127","0,873015873",,,,,,,
OVO,10,53,"0,1587301587","0,8412698413",,,,,,,
OVO,10,53,"0,1587301587","0,8412698413",,,,,,,
OVO,8,55,"0,126984127","0,873015873",,,,,,,
OVO,7,56,"0,1111111111","0,8888888889",,,,,,,
OVO,2,61,"0,0317460317","0,9682539683",,,,,,,
OVO,10,53,"0,1587301587","0,8412698413",,,,,,,
OVO,9,54,"0,1428571429","0,8571428571",,,,,,,
OVO,9,54,"0,1428571429","0,8571428571",,,,,,,
OVO,12,51,"0,1904761905","0,8095238095",,,,,,,
OVO,6,57,"0,0952380952","0,9047619048",,,,,,,
OVO,9,54,"0,1428571429","0,8571428571",,,,,,,
OVO,10,53,"0,1587301587","0,8412698413",,,,,,,
OVO,9,54,"0,1428571429","0,8571428571",,,,,,,
OVO,8,55,"0,126984127","0,873015873",,,,,,,
OVO,8,55,"0,126984127","0,873015873",,,,,,,
OVO,13,50,"0,2063492063","0,7936507937",,,,,,,
OVO,8,55,"0,126984127","0,873015873",,,,,,,
OVO,9,54,"0,1428571429","0,8571428571",,,,,,,
OVO,6,57,"0,0952380952","0,9047619048",,,,,,,
OVO,6,57,"0,0952380952","0,9047619048",,,,,,,
OVO,9,54,"0,1428571429","0,8571428571",,,,,,,
OVO,12,51,"0,1904761905","0,8095238095",,,,,,,
OVO,11,52,"0,1746031746","0,8253968254",,,,,,,
OVO,9,54,"0,1428571429","0,8571428571",,,,,,,
OVO,7,56,"0,1111111111","0,8888888889",,,,,,,
OVO,13,50,"0,2063492063","0,7936507937",,,,,,,
OVO,10,53,"0,1587301587","0,8412698413",,,,,,,
OVO,7,56,"0,1111111111","0,8888888889",,,,,,,
OVO,7,56,"0,1111111111","0,8888888889",,,,,,,
OVO,6,57,"0,0952380952","0,9047619048",,,,,,,
OVO,8,55,"0,126984127","0,873015873",,,,,,,
OVO,6,57,"0,0952380952","0,9047619048",,,,,,,
OVO,6,57,"0,0952380952","0,9047619048",,,,,,,
OVO,5,58,"0,0793650794","0,9206349206",,,,,,,
OVO,7,56,"0,1111111111","0,8888888889",,,,,,,
OVO,7,56,"0,1111111111","0,8888888889",,,,,,,
OVO,5,58,"0,0793650794","0,9206349206",,,,,,,
OVO,4,59,"0,0634920635","0,9365079365",,,,,,,
OVO,8,55,"0,126984127","0,873015873",,,,,,,
OVO,7,56,"0,1111111111","0,8888888889",,,,,,,
OVO,12,51,"0,1904761905","0,8095238095",,,,,,,
OVO,4,59,"0,0634920635","0,9365079365",,,,,,,
OVO,12,51,"0,1904761905","0,8095238095",,,,,,,
OVO,5,58,"0,0793650794","0,9206349206",,,,,,,
OVO,8,55,"0,126984127","0,873015873",,,,,,,
OVO,14,49,"0,2222222222","0,7777777778",,,,,,,
OVO,18,45,"0,2857142857","0,7142857143",,,,,,,
OVO,8,55,"0,126984127","0,873015873",,,,,,,
OVO,5,58,"0,0793650794","0,9206349206",,,,,,,
OVO,6,57,"0,0952380952","0,9047619048",,,,,,,
OVO,8,55,"0,126984127","0,873015873",,,,,,,
OVO,9,54,"0,1428571429","0,8571428571",,,,,,,
OVO,7,56,"0,1111111111","0,8888888889",,,,,,,
OVO,8,55,"0,126984127","0,873015873",,,,,,,
OVO,9,54,"0,1428571429","0,8571428571",,,,,,,
OVO,20,43,"0,3174603175","0,6825396825",,,,,,,
OVO,4,59,"0,0634920635","0,9365079365",,,,,,,
OVO,4,59,"0,0634920635","0,9365079365",,,,,,,
OVO,2,61,"0,0317460317","0,9682539683",,,,,,,
OVO,14,49,"0,2222222222","0,7777777778",,,,,,,
OVO,7,56,"0,1111111111","0,8888888889",,,,,,,
OVO,4,59,"0,0634920635","0,9365079365",,,,,,,
OVO,4,59,"0,0634920635","0,9365079365",,,,,,,
OVO,11,52,"0,1746031746","0,8253968254",,,,,,,
OVO,9,54,"0,1428571429","0,8571428571",,,,,,,
OVO,10,53,"0,1587301587","0,8412698413",,,,,,,
OVO,17,46,"0,2698412698","0,7301587302",,,,,,,
OVO,14,49,"0,2222222222","0,7777777778",,,,,,,
OVO,4,59,"0,0634920635","0,9365079365",,,,,,,
OVO,6,57,"0,0952380952","0,9047619048",,,,,,,
OVO,12,51,"0,1904761905","0,8095238095",,,,,,,
OVO,9,54,"0,1428571429","0,8571428571",,,,,,,
OVO,5,58,"0,0793650794","0,9206349206",,,,,,,
OVO,7,56,"0,1111111111","0,8888888889",,,,,,,
OVO,8,55,"0,126984127","0,873015873",,,,,,,
OVO,11,52,"0,1746031746","0,8253968254",,,,,,,
OVO,8,55,"0,126984127","0,873015873",,,,,,,
OVO,11,52,"0,1746031746","0,8253968254",,,,,,,
OVO,17,46,"0,2698412698","0,7301587302",,,,,,,
OVO,8,55,"0,126984127","0,873015873",,,,,,,
OVO,8,55,"0,126984127","0,873015873",,,,,,,
OVO,5,58,"0,0793650794","0,9206349206",,,,,,,
OVO,9,54,"0,1428571429","0,8571428571",,,,,,,
OVO,8,55,"0,126984127","0,873015873",,,,,,,
OVO,7,56,"0,1111111111","0,8888888889",,,,,,,
OVO,6,57,"0,0952380952","0,9047619048",,,,,,,
OVO,9,54,"0,1428571429","0,8571428571",,,,,,,
OVO,3,60,"0,0476190476","0,9523809524",,,,,,,
OVO,9,54,"0,1428571429","0,8571428571",,,,,,,
OVO,9,54,"0,1428571429","0,8571428571",,,,,,,
OVO,10,53,"0,1587301587","0,8412698413",,,,,,,
OVO,6,57,"0,0952380952","0,9047619048",,,,,,,
OVO,8,55,"0,126984127","0,873015873",,,,,,,
OVO,7,56,"0,1111111111","0,8888888889",,,,,,,
OVO,7,56,"0,1111111111","0,8888888889",,,,,,,
OVO,8,55,"0,126984127","0,873015873",,,,,,,
OVO,5,58,"0,0793650794","0,9206349206",,,,,,,
OVO,7,56,"0,1111111111","0,8888888889",,,,,,,
OVO,7,56,"0,1111111111","0,8888888889",,,,,,,
OVO,8,55,"0,126984127","0,873015873",,,,,,,
OVO,8,55,"0,126984127","0,873015873",,,,,,,
OVO,6,57,"0,0952380952","0,9047619048",,,,,,,
OVO,12,51,"0,1904761905","0,8095238095",,,,,,,
OVO,11,52,"0,1746031746","0,8253968254",,,,,,,
OVO,10,53,"0,1587301587","0,8412698413",,,,,,,
OVO,10,53,"0,1587301587","0,8412698413",,,,,,,
OVO,7,56,"0,1111111111","0,8888888889",,,,,,,
OVO,7,56,"0,1111111111","0,8888888889",,,,,,,
OVO,5,58,"0,0793650794","0,9206349206",,,,,,,
OVO,6,57,"0,0952380952","0,9047619048",,,,,,,
OVO,6,57,"0,0952380952","0,9047619048",,,,,,,
OVO,6,57,"0,0952380952","0,9047619048",,,,,,,
OVO,9,54,"0,1428571429","0,8571428571",,,,,,,
OVO,7,56,"0,1111111111","0,8888888889",,,,,,,
OVO,8,55,"0,126984127","0,873015873",,,,,,,
OVO,11,52,"0,1746031746","0,8253968254",,,,,,,
OVO,6,57,"0,0952380952","0,9047619048",,,,,,,
OVO,15,48,"0,2380952381","0,7619047619",,,,,,,
OVO,11,52,"0,1746031746","0,8253968254",,,,,,,
OVO,9,54,"0,1428571429","0,8571428571",,,,,,,
OVO,9,54,"0,1428571429","0,8571428571",,,,,,,
OVO,3,60,"0,0476190476","0,9523809524",,,,,,,
OVO,10,53,"0,1587301587","0,8412698413",,,,,,,
OVO,7,56,"0,1111111111","0,8888888889",,,,,,,
OVO,15,48,"0,2380952381","0,7619047619",,,,,,,
OVO,11,52,"0,1746031746","0,8253968254",,,,,,,
OVO,9,54,"0,1428571429","0,8571428571",,,,,,,
OVO,6,57,"0,0952380952","0,9047619048",,,,,,,
OVO,10,53,"0,1587301587","0,8412698413",,,,,,,
OVO,8,55,"0,126984127","0,873015873",,,,,,,
OVO,9,54,"0,1428571429","0,8571428571",,,,,,,
OVO,1,62,"0,0158730159","0,9841269841",,,,,,,
OVO,8,55,"0,126984127","0,873015873",,,,,,,
OVO,9,54,"0,1428571429","0,8571428571",,,,,,,
OVO,8,55,"0,126984127","0,873015873",,,,,,,
OVO,9,54,"0,1428571429","0,8571428571",,,,,,,
OVO,11,52,"0,1746031746","0,8253968254",,,,,,,
OVO,7,56,"0,1111111111","0,8888888889",,,,,,,
OVO,10,53,"0,1587301587","0,8412698413",,,,,,,
OVO,7,56,"0,1111111111","0,8888888889",,,,,,,
OVO,1,62,"0,0158730159","0,9841269841",,,,,,,
OVO,6,57,"0,0952380952","0,9047619048",,,,,,,
OVO,9,54,"0,1428571429","0,8571428571",,,,,,,
OVO,7,56,"0,1111111111","0,8888888889",,,,,,,
OVO,8,55,"0,126984127","0,873015873",,,,,,,
OVO,7,56,"0,1111111111","0,8888888889",,,,,,,
OVO,8,55,"0,126984127","0,873015873",,,,,,,
OVO,7,56,"0,1111111111","0,8888888889",,,,,,,
OVO,7,56,"0,1111111111","0,8888888889",,,,,,,
OVO,7,56,"0,1111111111","0,8888888889",,,,,,,
OVO,9,54,"0,1428571429","0,8571428571",,,,,,,
OVO,9,54,"0,1428571429","0,8571428571",,,,,,,
OVO,8,55,"0,126984127","0,873015873",,,,,,,
OVO,7,56,"0,1111111111","0,8888888889",,,,,,,
OVO,9,54,"0,1428571429","0,8571428571",,,,,,,
OVO,5,58,"0,0793650794","0,9206349206",,,,,,,
OVO,10,53,"0,1587301587","0,8412698413",,,,,,,
OVO,9,54,"0,1428571429","0,8571428571",,,,,,,
OVO,8,55,"0,126984127","0,873015873",,,,,,,
OVO,9,54,"0,1428571429","0,8571428571",,,,,,,
OVO,9,54,"0,1428571429","0,8571428571",,,,,,,
OVO,6,57,"0,0952380952","0,9047619048",,,,,,,
OVO,9,54,"0,1428571429","0,8571428571",,,,,,,
OVO,10,53,"0,1587301587","0,8412698413",,,,,,,
OVO,6,57,"0,0952380952","0,9047619048",,,,,,,
OVO,8,55,"0,126984127","0,873015873",,,,,,,
OVO,8,55,"0,126984127","0,873015873",,,,,,,
OVO,6,57,"0,0952380952","0,9047619048",,,,,,,
OVO,7,56,"0,1111111111","0,8888888889",,,,,,,
OVO,11,52,"0,1746031746","0,8253968254",,,,,,,
OVO,5,58,"0,0793650794","0,9206349206",,,,,,,
OVO,8,55,"0,126984127","0,873015873",,,,,,,
OVO,10,53,"0,1587301587","0,8412698413",,,,,,,
OVO,4,59,"0,0634920635","0,9365079365",,,,,,,
OVO,7,56,"0,1111111111","0,8888888889",,,,,,,
OVO,9,54,"0,1428571429","0,8571428571",,,,,,,
OVO,8,55,"0,126984127","0,873015873",,,,,,,
OVO,12,51,"0,1904761905","0,8095238095",,,,,,,
OVO,9,54,"0,1428571429","0,8571428571",,,,,,,
OVO,10,53,"0,1587301587","0,8412698413",,,,,,,
OVO,8,55,"0,126984127","0,873015873",,,,,,,
OVO,6,57,"0,0952380952","0,9047619048",,,,,,,
OVO,6,57,"0,0952380952","0,9047619048",,,,,,,
OVO,7,56,"0,1111111111","0,8888888889",,,,,,,
OVO,9,54,"0,1428571429","0,8571428571",,,,,,,
OVO,8,55,"0,126984127","0,873015873",,,,,,,
OVO,5,58,"0,0793650794","0,9206349206",,,,,,,
OVO,4,59,"0,0634920635","0,9365079365",,,,,,,
OVO,8,55,"0,126984127","0,873015873",,,,,,,
OVO,8,55,"0,126984127","0,873015873",,,,,,,
OVO,11,52,"0,1746031746","0,8253968254",,,,,,,
OVO,10,53,"0,1587301587","0,8412698413",,,,,,,
OVO,9,54,"0,1428571429","0,8571428571",,,,,,,
OVO,8,55,"0,126984127","0,873015873",,,,,,,
OVO,6,57,"0,0952380952","0,9047619048",,,,,,,
OVO,6,57,"0,0952380952","0,9047619048",,,,,,,
OVO,8,55,"0,126984127","0,873015873",,,,,,,
OVO,6,57,"0,0952380952","0,9047619048",,,,,,,
OVO,9,54,"0,1428571429","0,8571428571",,,,,,,
OVO,6,57,"0,0952380952","0,9047619048",,,,,,,
OVO,13,50,"0,2063492063","0,7936507937",,,,,,,
OVO,3,60,"0,0476190476","0,9523809524",,,,,,,
OVO,5,58,"0,0793650794","0,9206349206",,,,,,,
OVO,6,57,"0,0952380952","0,9047619048",,,,,,,
OVO,9,54,"0,1428571429","0,8571428571",,,,,,,
OVO,12,51,"0,1904761905","0,8095238095",,,,,,,
OVO,9,54,"0,1428571429","0,8571428571",,,,,,,
OVO,6,57,"0,0952380952","0,9047619048",,,,,,,
OVO,10,53,"0,1587301587","0,8412698413",,,,,,,
OVO,5,58,"0,0793650794","0,9206349206",,,,,,,
OVO,5,58,"0,0793650794","0,9206349206",,,,,,,
OVO,9,54,"0,1428571429","0,8571428571",,,,,,,
OVR,32,31,"0,5079365079","0,4920634921",,,,,,,
OVR,34,29,"0,5396825397","0,4603174603",,,,,,,
OVR,35,28,"0,5555555556","0,4444444444",,,,,,,
OVR,32,31,"0,5079365079","0,4920634921",,,,,,,
OVR,30,33,"0,4761904762","0,5238095238",,,,,,,
OVR,23,40,"0,3650793651","0,6349206349",,,,,,,
OVR,34,29,"0,5396825397","0,4603174603",,,,,,,
OVR,31,32,"0,4920634921","0,5079365079",,,,,,,
OVR,26,37,"0,4126984127","0,5873015873",,,,,,,
OVR,32,31,"0,5079365079","0,4920634921",,,,,,,
OVR,38,25,"0,6031746032","0,3968253968",,,,,,,
OVR,25,38,"0,3968253968","0,6031746032",,,,,,,
OVR,37,26,"0,5873015873","0,4126984127",,,,,,,
OVR,25,38,"0,3968253968","0,6031746032",,,,,,,
OVR,26,37,"0,4126984127","0,5873015873",,,,,,,
OVR,30,33,"0,4761904762","0,5238095238",,,,,,,
OVR,34,29,"0,5396825397","0,4603174603",,,,,,,
OVR,32,31,"0,5079365079","0,4920634921",,,,,,,
OVR,36,27,"0,5714285714","0,4285714286",,,,,,,
OVR,23,40,"0,3650793651","0,6349206349",,,,,,,
OVR,30,33,"0,4761904762","0,5238095238",,,,,,,
OVR,37,26,"0,5873015873","0,4126984127",,,,,,,
OVR,21,42,"0,3333333333","0,6666666667",,,,,,,
OVR,34,29,"0,5396825397","0,4603174603",,,,,,,
OVR,32,31,"0,5079365079","0,4920634921",,,,,,,
OVR,30,33,"0,4761904762","0,5238095238",,,,,,,
OVR,34,29,"0,5396825397","0,4603174603",,,,,,,
OVR,37,26,"0,5873015873","0,4126984127",,,,,,,
OVR,31,32,"0,4920634921","0,5079365079",,,,,,,
OVR,22,41,"0,3492063492","0,6507936508",,,,,,,
OVR,30,33,"0,4761904762","0,5238095238",,,,,,,
OVR,31,32,"0,4920634921","0,5079365079",,,,,,,
OVR,13,50,"0,2063492063","0,7936507937",,,,,,,
OVR,19,44,"0,3015873016","0,6984126984",,,,,,,
OVR,27,36,"0,4285714286","0,5714285714",,,,,,,
OVR,32,31,"0,5079365079","0,4920634921",,,,,,,
OVR,23,40,"0,3650793651","0,6349206349",,,,,,,
OVR,34,29,"0,5396825397","0,4603174603",,,,,,,
OVR,38,25,"0,6031746032","0,3968253968",,,,,,,
OVR,29,34,"0,4603174603","0,5396825397",,,,,,,
OVR,28,35,"0,4444444444","0,5555555556",,,,,,,
OVR,17,46,"0,2698412698","0,7301587302",,,,,,,
OVR,30,33,"0,4761904762","0,5238095238",,,,,,,
OVR,23,40,"0,3650793651","0,6349206349",,,,,,,
OVR,39,24,"0,619047619","0,380952381",,,,,,,
OVR,35,28,"0,5555555556","0,4444444444",,,,,,,
OVR,31,32,"0,4920634921","0,5079365079",,,,,,,
OVR,28,35,"0,4444444444","0,5555555556",,,,,,,
OVR,27,36,"0,4285714286","0,5714285714",,,,,,,
OVR,34,29,"0,5396825397","0,4603174603",,,,,,,
OVR,31,32,"0,4920634921","0,5079365079",,,,,,,
OVR,30,33,"0,4761904762","0,5238095238",,,,,,,
OVR,29,34,"0,4603174603","0,5396825397",,,,,,,
OVR,35,28,"0,5555555556","0,4444444444",,,,,,,
OVR,31,32,"0,4920634921","0,5079365079",,,,,,,
OVR,27,36,"0,4285714286","0,5714285714",,,,,,,
OVR,24,39,"0,380952381","0,619047619",,,,,,,
OVR,31,32,"0,4920634921","0,5079365079",,,,,,,
OVR,28,35,"0,4444444444","0,5555555556",,,,,,,
OVR,37,26,"0,5873015873","0,4126984127",,,,,,,
OVR,26,37,"0,4126984127","0,5873015873",,,,,,,
OVR,33,30,"0,5238095238","0,4761904762",,,,,,,
OVR,32,31,"0,5079365079","0,4920634921",,,,,,,
OVR,20,43,"0,3174603175","0,6825396825",,,,,,,
OVR,39,24,"0,619047619","0,380952381",,,,,,,
OVR,23,40,"0,3650793651","0,6349206349",,,,,,,
OVR,32,31,"0,5079365079","0,4920634921",,,,,,,
OVR,24,39,"0,380952381","0,619047619",,,,,,,
OVR,23,40,"0,3650793651","0,6349206349",,,,,,,
OVR,35,28,"0,5555555556","0,4444444444",,,,,,,
OVR,26,37,"0,4126984127","0,5873015873",,,,,,,
OVR,30,33,"0,4761904762","0,5238095238",,,,,,,
OVR,31,32,"0,4920634921","0,5079365079",,,,,,,
OVR,36,27,"0,5714285714","0,4285714286",,,,,,,
OVR,24,39,"0,380952381","0,619047619",,,,,,,
OVR,23,40,"0,3650793651","0,6349206349",,,,,,,
OVR,36,27,"0,5714285714","0,4285714286",,,,,,,
OVR,42,21,"0,6666666667","0,3333333333",,,,,,,
OVR,33,30,"0,5238095238","0,4761904762",,,,,,,
OVR,29,34,"0,4603174603","0,5396825397",,,,,,,
OVR,21,42,"0,3333333333","0,6666666667",,,,,,,
OVR,28,35,"0,4444444444","0,5555555556",,,,,,,
OVR,24,39,"0,380952381","0,619047619",,,,,,,
OVR,33,30,"0,5238095238","0,4761904762",,,,,,,
OVR,32,31,"0,5079365079","0,4920634921",,,,,,,
OVR,33,30,"0,5238095238","0,4761904762",,,,,,,
OVR,37,26,"0,5873015873","0,4126984127",,,,,,,
OVR,30,33,"0,4761904762","0,5238095238",,,,,,,
OVR,40,23,"0,6349206349","0,3650793651",,,,,,,
OVR,28,35,"0,4444444444","0,5555555556",,,,,,,
OVR,26,37,"0,4126984127","0,5873015873",,,,,,,
OVR,28,35,"0,4444444444","0,5555555556",,,,,,,
OVR,39,24,"0,619047619","0,380952381",,,,,,,
OVR,36,27,"0,5714285714","0,4285714286",,,,,,,
OVR,30,33,"0,4761904762","0,5238095238",,,,,,,
OVR,32,31,"0,5079365079","0,4920634921",,,,,,,
OVR,26,37,"0,4126984127","0,5873015873",,,,,,,
OVR,33,30,"0,5238095238","0,4761904762",,,,,,,
OVR,29,34,"0,4603174603","0,5396825397",,,,,,,
OVR,29,34,"0,4603174603","0,5396825397",,,,,,,
OVR,28,34,"0,4516129032","0,5483870968",,,,,,,
OVR,27,35,"0,435483871","0,564516129",,,,,,,
OVR,37,25,"0,5967741935","0,4032258065",,,,,,,
OVR,37,25,"0,5967741935","0,4032258065",,,,,,,
OVR,31,31,"0,5","0,5",,,,,,,
OVR,33,29,"0,5322580645","0,4677419355",,,,,,,
OVR,26,36,"0,4193548387","0,5806451613",,,,,,,
OVR,31,31,"0,5","0,5",,,,,,,
OVR,24,38,"0,3870967742","0,6129032258",,,,,,,
OVR,33,29,"0,5322580645","0,4677419355",,,,,,,
OVR,26,36,"0,4193548387","0,5806451613",,,,,,,
OVR,27,35,"0,435483871","0,564516129",,,,,,,
OVR,29,33,"0,4677419355","0,5322580645",,,,,,,
OVR,33,29,"0,5322580645","0,4677419355",,,,,,,
OVR,32,30,"0,5161290323","0,4838709677",,,,,,,
OVR,28,34,"0,4516129032","0,5483870968",,,,,,,
OVR,34,28,"0,5483870968","0,4516129032",,,,,,,
OVR,33,29,"0,5322580645","0,4677419355",,,,,,,
OVR,30,32,"0,4838709677","0,5161290323",,,,,,,
OVR,32,30,"0,5161290323","0,4838709677",,,,,,,
OVR,36,26,"0,5806451613","0,4193548387",,,,,,,
OVR,35,27,"0,564516129","0,435483871",,,,,,,
OVR,35,27,"0,564516129","0,435483871",,,,,,,
OVR,29,33,"0,4677419355","0,5322580645",,,,,,,
OVR,35,27,"0,564516129","0,435483871",,,,,,,
OVR,33,29,"0,5322580645","0,4677419355",,,,,,,
OVR,34,28,"0,5483870968","0,4516129032",,,,,,,
OVR,27,35,"0,435483871","0,564516129",,,,,,,
OVR,32,30,"0,5161290323","0,4838709677",,,,,,,
OVR,31,31,"0,5","0,5",,,,,,,
OVR,27,35,"0,435483871","0,564516129",,,,,,,
OVR,33,29,"0,5322580645","0,4677419355",,,,,,,
OVR,32,30,"0,5161290323","0,4838709677",,,,,,,
OVR,32,30,"0,5161290323","0,4838709677",,,,,,,
OVR,38,24,"0,6129032258","0,3870967742",,,,,,,
OVR,31,31,"0,5","0,5",,,,,,,
OVR,29,33,"0,4677419355","0,5322580645",,,,,,,
OVR,22,40,"0,3548387097","0,6451612903",,,,,,,
OVR,33,29,"0,5322580645","0,4677419355",,,,,,,
OVR,24,38,"0,3870967742","0,6129032258",,,,,,,
OVR,24,38,"0,3870967742","0,6129032258",,,,,,,
OVR,28,34,"0,4516129032","0,5483870968",,,,,,,
OVR,40,22,"0,6451612903","0,3548387097",,,,,,,
OVR,32,30,"0,5161290323","0,4838709677",,,,,,,
OVR,37,25,"0,5967741935","0,4032258065",,,,,,,
OVR,28,34,"0,4516129032","0,5483870968",,,,,,,
OVR,32,30,"0,5161290323","0,4838709677",,,,,,,
OVR,28,34,"0,4516129032","0,5483870968",,,,,,,
OVR,31,31,"0,5","0,5",,,,,,,
OVR,26,36,"0,4193548387","0,5806451613",,,,,,,
OVR,16,44,"0,2666666667","0,7333333333",,,,,,,
OVR,28,32,"0,4666666667","0,5333333333",,,,,,,
OVR,27,33,"0,45","0,55",,,,,,,
OVR,30,30,"0,5","0,5",,,,,,,
OVR,34,26,"0,5666666667","0,4333333333",,,,,,,
OVR,31,29,"0,5166666667","0,4833333333",,,,,,,
OVR,34,26,"0,5666666667","0,4333333333",,,,,,,
OVR,27,33,"0,45","0,55",,,,,,,
OVR,34,26,"0,5666666667","0,4333333333",,,,,,,
OVR,29,31,"0,4833333333","0,5166666667",,,,,,,
OVR,29,31,"0,4833333333","0,5166666667",,,,,,,
OVR,39,21,"0,65","0,35",,,,,,,
OVR,39,21,"0,65","0,35",,,,,,,
OVR,40,20,"0,6666666667","0,3333333333",,,,,,,
OVR,30,30,"0,5","0,5",,,,,,,
OVR,37,23,"0,6166666667","0,3833333333",,,,,,,
OVR,20,40,"0,3333333333","0,6666666667",,,,,,,
OVR,32,28,"0,5333333333","0,4666666667",,,,,,,
OVR,29,31,"0,4833333333","0,5166666667",,,,,,,
OVR,31,29,"0,5166666667","0,4833333333",,,,,,,
OVR,20,40,"0,3333333333","0,6666666667",,,,,,,
OVR,35,25,"0,5833333333","0,4166666667",,,,,,,
OVR,32,28,"0,5333333333","0,4666666667",,,,,,,
OVR,29,31,"0,4833333333","0,5166666667",,,,,,,
OVR,31,29,"0,5166666667","0,4833333333",,,,,,,
OVR,25,35,"0,4166666667","0,5833333333",,,,,,,
OVR,30,30,"0,5","0,5",,,,,,,
OVR,27,33,"0,45","0,55",,,,,,,
OVR,27,33,"0,45","0,55",,,,,,,
OVR,25,35,"0,4166666667","0,5833333333",,,,,,,
OVR,35,25,"0,5833333333","0,4166666667",,,,,,,
OVR,32,28,"0,5333333333","0,4666666667",,,,,,,
OVR,28,32,"0,4666666667","0,5333333333",,,,,,,
OVR,30,30,"0,5","0,5",,,,,,,
OVR,22,38,"0,3666666667","0,6333333333",,,,,,,
OVR,29,31,"0,4833333333","0,5166666667",,,,,,,
OVR,23,37,"0,3833333333","0,6166666667",,,,,,,
OVR,27,33,"0,45","0,55",,,,,,,
OVR,33,27,"0,55","0,45",,,,,,,
OVR,36,24,"0,6","0,4",,,,,,,
OVR,32,28,"0,5333333333","0,4666666667",,,,,,,
OVR,31,29,"0,5166666667","0,4833333333",,,,,,,
OVR,24,36,"0,4","0,6",,,,,,,
OVR,32,28,"0,5333333333","0,4666666667",,,,,,,
OVR,31,29,"0,5166666667","0,4833333333",,,,,,,
OVR,33,27,"0,55","0,45",,,,,,,
OVR,35,25,"0,5833333333","0,4166666667",,,,,,,
OVR,31,29,"0,5166666667","0,4833333333",,,,,,,
OVR,26,34,"0,4333333333","0,5666666667",,,,,,,
OVR,28,32,"0,4666666667","0,5333333333",,,,,,,
OVR,21,37,"0,3620689655","0,6379310345",,,,,,,
OVR,18,40,"0,3103448276","0,6896551724",,,,,,,
OVR,32,26,"0,5517241379","0,4482758621",,,,,,,
OVR,33,25,"0,5689655172","0,4310344828",,,,,,,
OVR,29,29,"0,5","0,5",,,,,,,
OVR,28,30,"0,4827586207","0,5172413793",,,,,,,
OVR,17,41,"0,2931034483","0,7068965517",,,,,,,
OVR,26,32,"0,4482758621","0,5517241379",,,,,,,
OVR,25,33,"0,4310344828","0,5689655172",,,,,,,
OVR,39,19,"0,6724137931","0,3275862069",,,,,,,
OVR,20,38,"0,3448275862","0,6551724138",,,,,,,
OVR,36,22,"0,6206896552","0,3793103448",,,,,,,
OVR,36,22,"0,6206896552","0,3793103448",,,,,,,
OVR,31,27,"0,5344827586","0,4655172414",,,,,,,
OVR,22,36,"0,3793103448","0,6206896552",,,,,,,
OVR,21,37,"0,3620689655","0,6379310345",,,,,,,
OVR,33,25,"0,5689655172","0,4310344828",,,,,,,
OVR,32,26,"0,5517241379","0,4482758621",,,,,,,
OVR,24,34,"0,4137931034","0,5862068966",,,,,,,
OVR,35,23,"0,6034482759","0,3965517241",,,,,,,
OVR,18,40,"0,3103448276","0,6896551724",,,,,,,
OVR,26,32,"0,4482758621","0,5517241379",,,,,,,
OVR,34,24,"0,5862068966","0,4137931034",,,,,,,
OVR,25,33,"0,4310344828","0,5689655172",,,,,,,
OVR,24,34,"0,4137931034","0,5862068966",,,,,,,
OVR,31,27,"0,5344827586","0,4655172414",,,,,,,
OVR,32,26,"0,5517241379","0,4482758621",,,,,,,
OVR,22,36,"0,3793103448","0,6206896552",,,,,,,
OVR,25,33,"0,4310344828","0,5689655172",,,,,,,
OVR,27,31,"0,4655172414","0,5344827586",,,,,,,
OVR,16,42,"0,275862069","0,724137931",,,,,,,
OVR,19,39,"0,3275862069","0,6724137931",,,,,,,
OVR,28,30,"0,4827586207","0,5172413793",,,,,,,
OVR,25,33,"0,4310344828","0,5689655172",,,,,,,
OVR,27,31,"0,4655172414","0,5344827586",,,,,,,
OVR,28,30,"0,4827586207","0,5172413793",,,,,,,
OVR,21,37,"0,3620689655","0,6379310345",,,,,,,
OVR,31,27,"0,5344827586","0,4655172414",,,,,,,
OVR,22,36,"0,3793103448","0,6206896552",,,,,,,
OVR,25,33,"0,4310344828","0,5689655172",,,,,,,
OVR,33,25,"0,5689655172","0,4310344828",,,,,,,
OVR,29,29,"0,5","0,5",,,,,,,
OVR,36,22,"0,6206896552","0,3793103448",,,,,,,
OVR,34,24,"0,5862068966","0,4137931034",,,,,,,
OVR,21,37,"0,3620689655","0,6379310345",,,,,,,
OVR,25,33,"0,4310344828","0,5689655172",,,,,,,
OVR,36,22,"0,6206896552","0,3793103448",,,,,,,
OVR,11,47,"0,1896551724","0,8103448276",,,,,,,
OVR,27,31,"0,4655172414","0,5344827586",,,,,,,
OVR,23,35,"0,3965517241","0,6034482759",,,,,,,
OVR,16,39,"0,2909090909","0,7090909091",,,,,,,
OVR,31,24,"0,5636363636","0,4363636364",,,,,,,
OVR,19,36,"0,3454545455","0,6545454545",,,,,,,
OVR,16,39,"0,2909090909","0,7090909091",,,,,,,
OVR,22,33,"0,4","0,6",,,,,,,
OVR,24,31,"0,4363636364","0,5636363636",,,,,,,
OVR,31,24,"0,5636363636","0,4363636364",,,,,,,
OVR,36,19,"0,6545454545","0,3454545455",,,,,,,
OVR,27,28,"0,4909090909","0,5090909091",,,,,,,
OVR,33,22,"0,6","0,4",,,,,,,
OVR,24,31,"0,4363636364","0,5636363636",,,,,,,
OVR,25,30,"0,4545454545","0,5454545455",,,,,,,
OVR,34,21,"0,6181818182","0,3818181818",,,,,,,
OVR,35,20,"0,6363636364","0,3636363636",,,,,,,
OVR,30,25,"0,5454545455","0,4545454545",,,,,,,
OVR,38,17,"0,6909090909","0,3090909091",,,,,,,
OVR,30,25,"0,5454545455","0,4545454545",,,,,,,
OVR,33,22,"0,6","0,4",,,,,,,
OVR,28,27,"0,5090909091","0,4909090909",,,,,,,
OVR,25,30,"0,4545454545","0,5454545455",,,,,,,
OVR,22,33,"0,4","0,6",,,,,,,
OVR,26,29,"0,4727272727","0,5272727273",,,,,,,
OVR,19,36,"0,3454545455","0,6545454545",,,,,,,
OVR,27,28,"0,4909090909","0,5090909091",,,,,,,
OVR,28,27,"0,5090909091","0,4909090909",,,,,,,
OVR,29,26,"0,5272727273","0,4727272727",,,,,,,
OVR,22,33,"0,4","0,6",,,,,,,
OVR,19,36,"0,3454545455","0,6545454545",,,,,,,
OVR,21,34,"0,3818181818","0,6181818182",,,,,,,
OVR,18,37,"0,3272727273","0,6727272727",,,,,,,
OVR,22,33,"0,4","0,6",,,,,,,
OVR,31,24,"0,5636363636","0,4363636364",,,,,,,
OVR,22,33,"0,4","0,6",,,,,,,
OVR,23,32,"0,4181818182","0,5818181818",,,,,,,
OVR,27,28,"0,4909090909","0,5090909091",,,,,,,
OVR,30,25,"0,5454545455","0,4545454545",,,,,,,
OVR,31,24,"0,5636363636","0,4363636364",,,,,,,
OVR,25,30,"0,4545454545","0,5454545455",,,,,,,
OVR,32,23,"0,5818181818","0,4181818182",,,,,,,
OVR,26,29,"0,4727272727","0,5272727273",,,,,,,
OVR,20,35,"0,3636363636","0,6363636364",,,,,,,
OVR,27,28,"0,4909090909","0,5090909091",,,,,,,
OVR,33,22,"0,6","0,4",,,,,,,
OVR,29,26,"0,5272727273","0,4727272727",,,,,,,
OVR,25,30,"0,4545454545","0,5454545455",,,,,,,
OVR,24,31,"0,4363636364","0,5636363636",,,,,,,
OVR,24,31,"0,4363636364","0,5636363636",,,,,,,
OVR,31,24,"0,5636363636","0,4363636364",,,,,,,
OVR,31,24,"0,5636363636","0,4363636364",,,,,,,
OVR,37,18,"0,6727272727","0,3272727273",,,,,,,
OVR,30,22,"0,5769230769","0,4230769231",,,,,,,
OVR,29,23,"0,5576923077","0,4423076923",,,,,,,
OVR,30,22,"0,5769230769","0,4230769231",,,,,,,
OVR,25,27,"0,4807692308","0,5192307692",,,,,,,
OVR,20,32,"0,3846153846","0,6153846154",,,,,,,
OVR,29,23,"0,5576923077","0,4423076923",,,,,,,
OVR,24,28,"0,4615384615","0,5384615385",,,,,,,
OVR,22,30,"0,4230769231","0,5769230769",,,,,,,
OVR,26,26,"0,5","0,5",,,,,,,
OVR,23,29,"0,4423076923","0,5576923077",,,,,,,
OVR,33,19,"0,6346153846","0,3653846154",,,,,,,
OVR,23,29,"0,4423076923","0,5576923077",,,,,,,
OVR,31,21,"0,5961538462","0,4038461538",,,,,,,
OVR,26,26,"0,5","0,5",,,,,,,
OVR,27,25,"0,5192307692","0,4807692308",,,,,,,
OVR,27,25,"0,5192307692","0,4807692308",,,,,,,
OVR,24,28,"0,4615384615","0,5384615385",,,,,,,
OVR,25,27,"0,4807692308","0,5192307692",,,,,,,
OVR,23,29,"0,4423076923","0,5576923077",,,,,,,
OVR,27,25,"0,5192307692","0,4807692308",,,,,,,
OVR,35,17,"0,6730769231","0,3269230769",,,,,,,
OVR,11,41,"0,2115384615","0,7884615385",,,,,,,
OVR,26,26,"0,5","0,5",,,,,,,
OVR,28,24,"0,5384615385","0,4615384615",,,,,,,
OVR,21,31,"0,4038461538","0,5961538462",,,,,,,
OVR,32,20,"0,6153846154","0,3846153846",,,,,,,
OVR,30,22,"0,5769230769","0,4230769231",,,,,,,
OVR,25,27,"0,4807692308","0,5192307692",,,,,,,
OVR,25,27,"0,4807692308","0,5192307692",,,,,,,
OVR,22,30,"0,4230769231","0,5769230769",,,,,,,
OVR,25,27,"0,4807692308","0,5192307692",,,,,,,
OVR,29,23,"0,5576923077","0,4423076923",,,,,,,
OVR,23,29,"0,4423076923","0,5576923077",,,,,,,
OVR,28,24,"0,5384615385","0,4615384615",,,,,,,
OVR,26,26,"0,5","0,5",,,,,,,
OVR,24,28,"0,4615384615","0,5384615385",,,,,,,
OVR,27,25,"0,5192307692","0,4807692308",,,,,,,
OVR,29,23,"0,5576923077","0,4423076923",,,,,,,
OVR,28,24,"0,5384615385","0,4615384615",,,,,,,
OVR,21,31,"0,4038461538","0,5961538462",,,,,,,
OVR,27,25,"0,5192307692","0,4807692308",,,,,,,
OVR,30,22,"0,5769230769","0,4230769231",,,,,,,
OVR,33,19,"0,6346153846","0,3653846154",,,,,,,
OVR,24,28,"0,4615384615","0,5384615385",,,,,,,
OVR,18,34,"0,3461538462","0,6538461538",,,,,,,
OVR,29,23,"0,5576923077","0,4423076923",,,,,,,
OVR,18,34,"0,3461538462","0,6538461538",,,,,,,
OVR,26,26,"0,5","0,5",,,,,,,
OVR,29,23,"0,5576923077","0,4423076923",,,,,,,
OVR,29,23,"0,5576923077","0,4423076923",,,,,,,
OVR,22,26,"0,4583333333","0,5416666667",,,,,,,
OVR,25,23,"0,5208333333","0,4791666667",,,,,,,
OVR,20,28,"0,4166666667","0,5833333333",,,,,,,
OVR,25,23,"0,5208333333","0,4791666667",,,,,,,
OVR,25,23,"0,5208333333","0,4791666667",,,,,,,
OVR,29,19,"0,6041666667","0,3958333333",,,,,,,
OVR,20,28,"0,4166666667","0,5833333333",,,,,,,
OVR,33,15,"0,6875","0,3125",,,,,,,
OVR,28,20,"0,5833333333","0,4166666667",,,,,,,
OVR,20,28,"0,4166666667","0,5833333333",,,,,,,
OVR,27,21,"0,5625","0,4375",,,,,,,
OVR,19,29,"0,3958333333","0,6041666667",,,,,,,
OVR,24,24,"0,5","0,5",,,,,,,
OVR,27,21,"0,5625","0,4375",,,,,,,
OVR,24,24,"0,5","0,5",,,,,,,
OVR,31,17,"0,6458333333","0,3541666667",,,,,,,
OVR,23,25,"0,4791666667","0,5208333333",,,,,,,
OVR,25,23,"0,5208333333","0,4791666667",,,,,,,
OVR,27,21,"0,5625","0,4375",,,,,,,
OVR,23,25,"0,4791666667","0,5208333333",,,,,,,
OVR,21,27,"0,4375","0,5625",,,,,,,
OVR,21,27,"0,4375","0,5625",,,,,,,
OVR,27,21,"0,5625","0,4375",,,,,,,
OVR,22,26,"0,4583333333","0,5416666667",,,,,,,
OVR,20,28,"0,4166666667","0,5833333333",,,,,,,
OVR,22,26,"0,4583333333","0,5416666667",,,,,,,
OVR,28,20,"0,5833333333","0,4166666667",,,,,,,
OVR,29,19,"0,6041666667","0,3958333333",,,,,,,
OVR,24,24,"0,5","0,5",,,,,,,
OVR,27,21,"0,5625","0,4375",,,,,,,
OVR,25,23,"0,5208333333","0,4791666667",,,,,,,
OVR,23,25,"0,4791666667","0,5208333333",,,,,,,
OVR,14,34,"0,2916666667","0,7083333333",,,,,,,
OVR,32,16,"0,6666666667","0,3333333333",,,,,,,
OVR,23,25,"0,4791666667","0,5208333333",,,,,,,
OVR,19,29,"0,3958333333","0,6041666667",,,,,,,
OVR,25,23,"0,5208333333","0,4791666667",,,,,,,
OVR,21,27,"0,4375","0,5625",,,,,,,
OVR,18,30,,,,,,,,,
OVR,25,23,"0,5208333333","0,4791666667",,,,,,,
OVR,22,26,"0,4583333333","0,5416666667",,,,,,,
OVR,16,32,"0,3333333333","0,6666666667",,,,,,,
OVR,14,34,"0,2916666667","0,7083333333",,,,,,,
OVR,21,27,"0,4375","0,5625",,,,,,,
OVR,26,22,"0,5416666667","0,4583333333",,,,,,,
OVR,31,17,"0,6458333333","0,3541666667",,,,,,,
OVR,24,24,"0,5","0,5",,,,,,,
OVR,26,22,"0,5416666667","0,4583333333",,,,,,,
OVR,19,29,"0,3958333333","0,6041666667",,,,,,,
OVR,24,20,"0,5454545455","0,4545454545",,,,,,,
OVR,22,22,"0,5","0,5",,,,,,,
OVR,18,26,"0,4090909091","0,5909090909",,,,,,,
OVR,23,21,"0,5227272727","0,4772727273",,,,,,,
OVR,18,26,"0,4090909091","0,5909090909",,,,,,,
OVR,20,24,"0,4545454545","0,5454545455",,,,,,,
OVR,16,28,"0,3636363636","0,6363636364",,,,,,,
OVR,16,28,"0,3636363636","0,6363636364",,,,,,,
OVR,14,30,"0,3181818182","0,6818181818",,,,,,,
OVR,14,30,"0,3181818182","0,6818181818",,,,,,,
OVR,19,25,"0,4318181818","0,5681818182",,,,,,,
OVR,19,25,"0,4318181818","0,5681818182",,,,,,,
OVR,15,29,"0,3409090909","0,6590909091",,,,,,,
OVR,23,21,"0,5227272727","0,4772727273",,,,,,,
OVR,16,28,"0,3636363636","0,6363636364",,,,,,,
OVR,23,21,"0,5227272727","0,4772727273",,,,,,,
OVR,17,27,"0,3863636364","0,6136363636",,,,,,,
OVR,20,24,"0,4545454545","0,5454545455",,,,,,,
OVR,21,23,"0,4772727273","0,5227272727",,,,,,,
OVR,21,23,"0,4772727273","0,5227272727",,,,,,,
OVR,17,27,"0,3863636364","0,6136363636",,,,,,,
OVR,18,26,"0,4090909091","0,5909090909",,,,,,,
OVR,23,21,"0,5227272727","0,4772727273",,,,,,,
OVR,19,25,"0,4318181818","0,5681818182",,,,,,,
OVR,13,31,"0,2954545455","0,7045454545",,,,,,,
OVR,17,27,"0,3863636364","0,6136363636",,,,,,,
OVR,14,30,"0,3181818182","0,6818181818",,,,,,,
OVR,18,26,"0,4090909091","0,5909090909",,,,,,,
OVR,20,24,"0,4545454545","0,5454545455",,,,,,,
OVR,20,24,"0,4545454545","0,5454545455",,,,,,,
OVR,14,30,"0,3181818182","0,6818181818",,,,,,,
OVR,17,27,"0,3863636364","0,6136363636",,,,,,,
OVR,22,22,"0,5","0,5",,,,,,,
OVR,19,25,"0,4318181818","0,5681818182",,,,,,,
OVR,29,15,"0,6590909091","0,3409090909",,,,,,,
OVR,25,19,"0,5681818182","0,4318181818",,,,,,,
OVR,26,18,"0,5909090909","0,4090909091",,,,,,,
OVR,18,26,"0,4090909091","0,5909090909",,,,,,,
OVR,23,21,"0,5227272727","0,4772727273",,,,,,,
OVR,17,27,"0,3863636364","0,6136363636",,,,,,,
OVR,20,24,"0,4545454545","0,5454545455",,,,,,,
OVR,23,21,"0,5227272727","0,4772727273",,,,,,,
OVR,26,18,"0,5909090909","0,4090909091",,,,,,,
OVR,22,22,"0,5","0,5",,,,,,,
OVR,26,18,"0,5909090909","0,4090909091",,,,,,,
OVR,17,27,"0,3863636364","0,6136363636",,,,,,,
OVR,20,24,"0,4545454545","0,5454545455",,,,,,,
OVR,24,20,"0,5454545455","0,4545454545",,,,,,,
OVR,16,28,"0,3636363636","0,6363636364",,,,,,,
OVR,26,18,"0,5909090909","0,4090909091",,,,,,,
OVR,19,20,"0,4871794872","0,5128205128",,,,,,,
OVR,18,21,"0,4615384615","0,5384615385",,,,,,,
OVR,23,16,"0,5897435897","0,4102564103",,,,,,,
OVR,22,17,"0,5641025641","0,4358974359",,,,,,,
OVR,25,14,"0,641025641","0,358974359",,,,,,,
OVR,19,20,"0,4871794872","0,5128205128",,,,,,,
OVR,22,17,"0,5641025641","0,4358974359",,,,,,,
OVR,22,17,"0,5641025641","0,4358974359",,,,,,,
OVR,18,21,"0,4615384615","0,5384615385",,,,,,,
OVR,23,16,"0,5897435897","0,4102564103",,,,,,,
OVR,27,12,"0,6923076923","0,3076923077",,,,,,,
OVR,24,15,"0,6153846154","0,3846153846",,,,,,,
OVR,21,18,"0,5384615385","0,4615384615",,,,,,,
OVR,21,18,"0,5384615385","0,4615384615",,,,,,,
OVR,19,20,"0,4871794872","0,5128205128",,,,,,,
OVR,22,17,"0,5641025641","0,4358974359",,,,,,,
OVR,17,22,"0,4358974359","0,5641025641",,,,,,,
OVR,15,24,"0,3846153846","0,6153846154",,,,,,,
OVR,20,19,"0,5128205128","0,4871794872",,,,,,,
OVR,19,20,"0,4871794872","0,5128205128",,,,,,,
OVR,16,23,"0,4102564103","0,5897435897",,,,,,,
OVR,26,13,"0,6666666667","0,3333333333",,,,,,,
OVR,17,22,"0,4358974359","0,5641025641",,,,,,,
OVR,22,17,"0,5641025641","0,4358974359",,,,,,,
OVR,20,19,"0,5128205128","0,4871794872",,,,,,,
OVR,21,18,"0,5384615385","0,4615384615",,,,,,,
OVR,14,25,"0,358974359","0,641025641",,,,,,,
OVR,21,18,"0,5384615385","0,4615384615",,,,,,,
OVR,17,22,"0,4358974359","0,5641025641",,,,,,,
OVR,19,20,"0,4871794872","0,5128205128",,,,,,,
OVR,19,20,"0,4871794872","0,5128205128",,,,,,,
OVR,20,19,"0,5128205128","0,4871794872",,,,,,,
OVR,24,15,"0,6153846154","0,3846153846",,,,,,,
OVR,16,23,"0,4102564103","0,5897435897",,,,,,,
OVR,15,24,"0,3846153846","0,6153846154",,,,,,,
OVR,19,20,"0,4871794872","0,5128205128",,,,,,,
OVR,19,20,"0,4871794872","0,5128205128",,,,,,,
OVR,18,21,"0,4615384615","0,5384615385",,,,,,,
OVR,16,23,"0,4102564103","0,5897435897",,,,,,,
OVR,20,19,"0,5128205128","0,4871794872",,,,,,,
OVR,16,23,"0,4102564103","0,5897435897",,,,,,,
OVR,18,21,"0,4615384615","0,5384615385",,,,,,,
OVR,25,14,"0,641025641","0,358974359",,,,,,,
OVR,21,18,"0,5384615385","0,4615384615",,,,,,,
OVR,17,22,"0,4358974359","0,5641025641",,,,,,,
OVR,15,24,"0,3846153846","0,6153846154",,,,,,,
OVR,15,24,"0,3846153846","0,6153846154",,,,,,,
OVR,23,16,"0,5897435897","0,4102564103",,,,,,,
OVR,16,23,"0,4102564103","0,5897435897",,,,,,,
OVR,16,23,"0,4102564103","0,5897435897",,,,,,,
DTN,43,20,"0,6825396825","0,3174603175",,,,,,,
DTN,41,22,"0,6507936508","0,3492063492",,,,,,,
DTN,36,27,"0,5714285714","0,4285714286",,,,,,,
DTN,38,25,"0,6031746032","0,3968253968",,,,,,,
DTN,40,23,"0,6349206349","0,3650793651",,,,,,,
DTN,35,28,"0,5555555556","0,4444444444",,,,,,,
DTN,36,27,"0,5714285714","0,4285714286",,,,,,,
DTN,38,25,"0,6031746032","0,3968253968",,,,,,,
DTN,37,26,"0,5873015873","0,4126984127",,,,,,,
DTN,33,30,"0,5238095238","0,4761904762",,,,,,,
DTN,36,27,"0,5714285714","0,4285714286",,,,,,,
DTN,32,31,"0,5079365079","0,4920634921",,,,,,,
DTN,35,28,"0,5555555556","0,4444444444",,,,,,,
DTN,35,28,"0,5555555556","0,4444444444",,,,,,,
DTN,39,24,"0,619047619","0,380952381",,,,,,,
DTN,34,29,"0,5396825397","0,4603174603",,,,,,,
DTN,38,25,"0,6031746032","0,3968253968",,,,,,,
DTN,38,25,"0,6031746032","0,3968253968",,,,,,,
DTN,36,27,"0,5714285714","0,4285714286",,,,,,,
DTN,37,26,"0,5873015873","0,4126984127",,,,,,,
DTN,35,28,"0,5555555556","0,4444444444",,,,,,,
DTN,39,24,"0,619047619","0,380952381",,,,,,,
DTN,41,22,"0,6507936508","0,3492063492",,,,,,,
DTN,45,18,"0,7142857143","0,2857142857",,,,,,,
DTN,42,21,"0,6666666667","0,3333333333",,,,,,,
DTN,40,23,"0,6349206349","0,3650793651",,,,,,,
DTN,41,22,"0,6507936508","0,3492063492",,,,,,,
DTN,40,23,"0,6349206349","0,3650793651",,,,,,,
DTN,36,27,"0,5714285714","0,4285714286",,,,,,,
DTN,32,31,"0,5079365079","0,4920634921",,,,,,,
DTN,40,23,"0,6349206349","0,3650793651",,,,,,,
DTN,42,21,"0,6666666667","0,3333333333",,,,,,,
DTN,39,24,"0,619047619","0,380952381",,,,,,,
DTN,36,27,"0,5714285714","0,4285714286",,,,,,,
DTN,33,30,"0,5238095238","0,4761904762",,,,,,,
DTN,38,25,"0,6031746032","0,3968253968",,,,,,,
DTN,34,29,"0,5396825397","0,4603174603",,,,,,,
DTN,40,23,"0,6349206349","0,3650793651",,,,,,,
DTN,40,23,"0,6349206349","0,3650793651",,,,,,,
DTN,38,25,"0,6031746032","0,3968253968",,,,,,,
DTN,41,22,"0,6507936508","0,3492063492",,,,,,,
DTN,33,30,"0,5238095238","0,4761904762",,,,,,,
DTN,43,20,"0,6825396825","0,3174603175",,,,,,,
DTN,39,24,"0,619047619","0,380952381",,,,,,,
DTN,42,21,"0,6666666667","0,3333333333",,,,,,,
DTN,40,23,"0,6349206349","0,3650793651",,,,,,,
DTN,44,19,"0,6984126984","0,3015873016",,,,,,,
DTN,36,27,"0,5714285714","0,4285714286",,,,,,,
DTN,35,28,"0,5555555556","0,4444444444",,,,,,,
DTN,40,23,"0,6349206349","0,3650793651",,,,,,,
DTN,35,28,"0,5555555556","0,4444444444",,,,,,,
DTN,38,25,"0,6031746032","0,3968253968",,,,,,,
DTN,36,27,"0,5714285714","0,4285714286",,,,,,,
DTN,41,22,"0,6507936508","0,3492063492",,,,,,,
DTN,45,18,"0,7142857143","0,2857142857",,,,,,,
DTN,36,27,"0,5714285714","0,4285714286",,,,,,,
DTN,36,27,"0,5714285714","0,4285714286",,,,,,,
DTN,36,27,"0,5714285714","0,4285714286",,,,,,,
DTN,41,22,"0,6507936508","0,3492063492",,,,,,,
DTN,36,27,"0,5714285714","0,4285714286",,,,,,,
DTN,42,21,"0,6666666667","0,3333333333",,,,,,,
DTN,43,20,"0,6825396825","0,3174603175",,,,,,,
DTN,43,20,"0,6825396825","0,3174603175",,,,,,,
DTN,42,21,"0,6666666667","0,3333333333",,,,,,,
DTN,35,28,"0,5555555556","0,4444444444",,,,,,,
DTN,33,30,"0,5238095238","0,4761904762",,,,,,,
DTN,45,18,"0,7142857143","0,2857142857",,,,,,,
DTN,36,27,"0,5714285714","0,4285714286",,,,,,,
DTN,32,31,"0,5079365079","0,4920634921",,,,,,,
DTN,38,25,"0,6031746032","0,3968253968",,,,,,,
DTN,42,21,"0,6666666667","0,3333333333",,,,,,,
DTN,34,29,"0,5396825397","0,4603174603",,,,,,,
DTN,39,24,"0,619047619","0,380952381",,,,,,,
DTN,35,28,"0,5555555556","0,4444444444",,,,,,,
DTN,39,24,"0,619047619","0,380952381",,,,,,,
DTN,40,23,"0,6349206349","0,3650793651",,,,,,,
DTN,44,19,"0,6984126984","0,3015873016",,,,,,,
DTN,35,28,"0,5555555556","0,4444444444",,,,,,,
DTN,38,25,"0,6031746032","0,3968253968",,,,,,,
DTN,36,27,"0,5714285714","0,4285714286",,,,,,,
DTN,33,30,"0,5238095238","0,4761904762",,,,,,,
DTN,37,26,"0,5873015873","0,4126984127",,,,,,,
DTN,36,27,"0,5714285714","0,4285714286",,,,,,,
DTN,34,29,"0,5396825397","0,4603174603",,,,,,,
DTN,34,29,"0,5396825397","0,4603174603",,,,,,,
DTN,33,30,"0,5238095238","0,4761904762",,,,,,,
DTN,33,30,"0,5238095238","0,4761904762",,,,,,,
DTN,30,33,"0,4761904762","0,5238095238",,,,,,,
DTN,34,29,"0,5396825397","0,4603174603",,,,,,,
DTN,33,30,"0,5238095238","0,4761904762",,,,,,,
DTN,34,29,"0,5396825397","0,4603174603",,,,,,,
DTN,40,23,"0,6349206349","0,3650793651",,,,,,,
DTN,38,25,"0,6031746032","0,3968253968",,,,,,,
DTN,39,24,"0,619047619","0,380952381",,,,,,,
DTN,44,19,"0,6984126984","0,3015873016",,,,,,,
DTN,35,28,"0,5555555556","0,4444444444",,,,,,,
DTN,35,28,"0,5555555556","0,4444444444",,,,,,,
DTN,34,29,"0,5396825397","0,4603174603",,,,,,,
DTN,43,20,"0,6825396825","0,3174603175",,,,,,,
DTN,30,33,"0,4761904762","0,5238095238",,,,,,,
DTN,38,24,"0,6129032258","0,3870967742",,,,,,,
DTN,39,23,"0,6290322581","0,3709677419",,,,,,,
DTN,35,27,"0,564516129","0,435483871",,,,,,,
DTN,41,21,"0,6612903226","0,3387096774",,,,,,,
DTN,45,17,"0,7258064516","0,2741935484",,,,,,,
DTN,42,20,"0,6774193548","0,3225806452",,,,,,,
DTN,36,26,"0,5806451613","0,4193548387",,,,,,,
DTN,38,24,"0,6129032258","0,3870967742",,,,,,,
DTN,35,27,"0,564516129","0,435483871",,,,,,,
DTN,35,27,"0,564516129","0,435483871",,,,,,,
DTN,40,22,"0,6451612903","0,3548387097",,,,,,,
DTN,33,29,"0,5322580645","0,4677419355",,,,,,,
DTN,29,33,"0,4677419355","0,5322580645",,,,,,,
DTN,43,19,"0,6935483871","0,3064516129",,,,,,,
DTN,42,20,"0,6774193548","0,3225806452",,,,,,,
DTN,43,19,"0,6935483871","0,3064516129",,,,,,,
DTN,46,16,"0,7419354839","0,2580645161",,,,,,,
DTN,43,19,"0,6935483871","0,3064516129",,,,,,,
DTN,37,25,"0,5967741935","0,4032258065",,,,,,,
DTN,39,23,"0,6290322581","0,3709677419",,,,,,,
DTN,39,23,"0,6290322581","0,3709677419",,,,,,,
DTN,36,26,"0,5806451613","0,4193548387",,,,,,,
DTN,38,24,"0,6129032258","0,3870967742",,,,,,,
DTN,41,21,"0,6612903226","0,3387096774",,,,,,,
DTN,36,26,"0,5806451613","0,4193548387",,,,,,,
DTN,36,26,"0,5806451613","0,4193548387",,,,,,,
DTN,38,24,"0,6129032258","0,3870967742",,,,,,,
DTN,33,29,"0,5322580645","0,4677419355",,,,,,,
DTN,33,29,"0,5322580645","0,4677419355",,,,,,,
DTN,39,23,"0,6290322581","0,3709677419",,,,,,,
DTN,34,28,"0,5483870968","0,4516129032",,,,,,,
DTN,39,23,"0,6290322581","0,3709677419",,,,,,,
DTN,41,21,"0,6612903226","0,3387096774",,,,,,,
DTN,45,17,"0,7258064516","0,2741935484",,,,,,,
DTN,35,27,"0,564516129","0,435483871",,,,,,,
DTN,42,20,"0,6774193548","0,3225806452",,,,,,,
DTN,40,22,"0,6451612903","0,3548387097",,,,,,,
DTN,39,23,"0,6290322581","0,3709677419",,,,,,,
DTN,39,23,"0,6290322581","0,3709677419",,,,,,,
DTN,37,25,"0,5967741935","0,4032258065",,,,,,,
DTN,36,26,"0,5806451613","0,4193548387",,,,,,,
DTN,33,29,"0,5322580645","0,4677419355",,,,,,,
DTN,39,23,"0,6290322581","0,3709677419",,,,,,,
DTN,34,28,"0,5483870968","0,4516129032",,,,,,,
DTN,37,25,"0,5967741935","0,4032258065",,,,,,,
DTN,36,26,"0,5806451613","0,4193548387",,,,,,,
DTN,30,32,"0,4838709677","0,5161290323",,,,,,,
DTN,36,26,"0,5806451613","0,4193548387",,,,,,,
DTN,36,26,"0,5806451613","0,4193548387",,,,,,,
DTN,31,31,"0,5","0,5",,,,,,,
DTN,43,17,"0,7166666667","0,2833333333",,,,,,,
DTN,38,22,"0,6333333333","0,3666666667",,,,,,,
DTN,39,21,"0,65","0,35",,,,,,,
DTN,36,24,"0,6","0,4",,,,,,,
DTN,41,19,"0,6833333333","0,3166666667",,,,,,,
DTN,32,28,"0,5333333333","0,4666666667",,,,,,,
DTN,34,26,"0,5666666667","0,4333333333",,,,,,,
DTN,37,23,"0,6166666667","0,3833333333",,,,,,,
DTN,35,25,"0,5833333333","0,4166666667",,,,,,,
DTN,39,21,"0,65","0,35",,,,,,,
DTN,35,25,"0,5833333333","0,4166666667",,,,,,,
DTN,31,29,"0,5166666667","0,4833333333",,,,,,,
DTN,35,25,"0,5833333333","0,4166666667",,,,,,,
DTN,39,21,"0,65","0,35",,,,,,,
DTN,34,26,"0,5666666667","0,4333333333",,,,,,,
DTN,39,21,"0,65","0,35",,,,,,,
DTN,41,19,"0,6833333333","0,3166666667",,,,,,,
DTN,41,19,"0,6833333333","0,3166666667",,,,,,,
DTN,33,27,"0,55","0,45",,,,,,,
DTN,29,31,"0,4833333333","0,5166666667",,,,,,,
DTN,31,29,"0,5166666667","0,4833333333",,,,,,,
DTN,38,22,"0,6333333333","0,3666666667",,,,,,,
DTN,37,23,"0,6166666667","0,3833333333",,,,,,,
DTN,34,26,"0,5666666667","0,4333333333",,,,,,,
DTN,35,25,"0,5833333333","0,4166666667",,,,,,,
DTN,37,23,"0,6166666667","0,3833333333",,,,,,,
DTN,36,24,"0,6","0,4",,,,,,,
DTN,32,28,"0,5333333333","0,4666666667",,,,,,,
DTN,33,27,"0,55","0,45",,,,,,,
DTN,26,34,"0,4333333333","0,5666666667",,,,,,,
DTN,39,21,"0,65","0,35",,,,,,,
DTN,35,25,"0,5833333333","0,4166666667",,,,,,,
DTN,37,23,"0,6166666667","0,3833333333",,,,,,,
DTN,39,21,"0,65","0,35",,,,,,,
DTN,33,27,"0,55","0,45",,,,,,,
DTN,37,23,"0,6166666667","0,3833333333",,,,,,,
DTN,28,32,"0,4666666667","0,5333333333",,,,,,,
DTN,42,18,"0,7","0,3",,,,,,,
DTN,40,20,"0,6666666667","0,3333333333",,,,,,,
DTN,38,22,"0,6333333333","0,3666666667",,,,,,,
DTN,29,31,"0,4833333333","0,5166666667",,,,,,,
DTN,31,29,"0,5166666667","0,4833333333",,,,,,,
DTN,38,22,"0,6333333333","0,3666666667",,,,,,,
DTN,32,28,"0,5333333333","0,4666666667",,,,,,,
DTN,33,27,"0,55","0,45",,,,,,,
DTN,33,27,"0,55","0,45",,,,,,,
DTN,43,17,"0,7166666667","0,2833333333",,,,,,,
DTN,40,20,"0,6666666667","0,3333333333",,,,,,,
DTN,30,30,"0,5","0,5",,,,,,,
DTN,40,20,"0,6666666667","0,3333333333",,,,,,,
DTN,38,20,"0,6551724138","0,3448275862",,,,,,,
DTN,34,24,"0,5862068966","0,4137931034",,,,,,,
DTN,44,14,"0,7586206897","0,2413793103",,,,,,,
DTN,29,29,"0,5","0,5",,,,,,,
DTN,26,32,"0,4482758621","0,5517241379",,,,,,,
DTN,37,21,"0,6379310345","0,3620689655",,,,,,,
DTN,32,26,"0,5517241379","0,4482758621",,,,,,,
DTN,30,28,"0,5172413793","0,4827586207",,,,,,,
DTN,35,23,"0,6034482759","0,3965517241",,,,,,,
DTN,45,13,"0,775862069","0,224137931",,,,,,,
DTN,35,23,"0,6034482759","0,3965517241",,,,,,,
DTN,38,20,"0,6551724138","0,3448275862",,,,,,,
DTN,37,21,"0,6379310345","0,3620689655",,,,,,,
DTN,32,26,"0,5517241379","0,4482758621",,,,,,,
DTN,35,23,"0,6034482759","0,3965517241",,,,,,,
DTN,32,26,"0,5517241379","0,4482758621",,,,,,,
DTN,36,22,"0,6206896552","0,3793103448",,,,,,,
DTN,37,21,"0,6379310345","0,3620689655",,,,,,,
DTN,30,28,"0,5172413793","0,4827586207",,,,,,,
DTN,35,23,"0,6034482759","0,3965517241",,,,,,,
DTN,39,19,"0,6724137931","0,3275862069",,,,,,,
DTN,32,26,"0,5517241379","0,4482758621",,,,,,,
DTN,37,21,"0,6379310345","0,3620689655",,,,,,,
DTN,32,26,"0,5517241379","0,4482758621",,,,,,,
DTN,38,20,"0,6551724138","0,3448275862",,,,,,,
DTN,28,30,"0,4827586207","0,5172413793",,,,,,,
DTN,31,27,"0,5344827586","0,4655172414",,,,,,,
DTN,34,24,"0,5862068966","0,4137931034",,,,,,,
DTN,37,21,"0,6379310345","0,3620689655",,,,,,,
DTN,34,24,"0,5862068966","0,4137931034",,,,,,,
DTN,27,31,"0,4655172414","0,5344827586",,,,,,,
DTN,40,18,"0,6896551724","0,3103448276",,,,,,,
DTN,37,21,"0,6379310345","0,3620689655",,,,,,,
DTN,34,24,"0,5862068966","0,4137931034",,,,,,,
DTN,37,21,"0,6379310345","0,3620689655",,,,,,,
DTN,44,14,"0,7586206897","0,2413793103",,,,,,,
DTN,29,29,"0,5","0,5",,,,,,,
DTN,40,18,"0,6896551724","0,3103448276",,,,,,,
DTN,40,18,"0,6896551724","0,3103448276",,,,,,,
DTN,32,26,"0,5517241379","0,4482758621",,,,,,,
DTN,36,22,"0,6206896552","0,3793103448",,,,,,,
DTN,32,26,"0,5517241379","0,4482758621",,,,,,,
DTN,34,24,"0,5862068966","0,4137931034",,,,,,,
DTN,37,21,"0,6379310345","0,3620689655",,,,,,,
DTN,35,23,"0,6034482759","0,3965517241",,,,,,,
DTN,33,25,"0,5689655172","0,4310344828",,,,,,,
DTN,36,22,"0,6206896552","0,3793103448",,,,,,,
DTN,30,28,"0,5172413793","0,4827586207",,,,,,,
DTN,34,24,"0,5862068966","0,4137931034",,,,,,,
DTN,36,22,"0,6206896552","0,3793103448",,,,,,,
DTN,28,27,"0,5090909091","0,4909090909",,,,,,,
DTN,36,19,"0,6545454545","0,3454545455",,,,,,,
DTN,32,23,"0,5818181818","0,4181818182",,,,,,,
DTN,30,25,"0,5454545455","0,4545454545",,,,,,,
DTN,32,23,"0,5818181818","0,4181818182",,,,,,,
DTN,35,20,"0,6363636364","0,3636363636",,,,,,,
DTN,31,24,"0,5636363636","0,4363636364",,,,,,,
DTN,34,21,"0,6181818182","0,3818181818",,,,,,,
DTN,32,23,"0,5818181818","0,4181818182",,,,,,,
DTN,33,22,"0,6","0,4",,,,,,,
DTN,34,21,"0,6181818182","0,3818181818",,,,,,,
DTN,33,22,"0,6","0,4",,,,,,,
DTN,37,18,"0,6727272727","0,3272727273",,,,,,,
DTN,32,23,"0,5818181818","0,4181818182",,,,,,,
DTN,36,19,"0,6545454545","0,3454545455",,,,,,,
DTN,36,19,"0,6545454545","0,3454545455",,,,,,,
DTN,34,21,"0,6181818182","0,3818181818",,,,,,,
DTN,39,16,"0,7090909091","0,2909090909",,,,,,,
DTN,29,26,"0,5272727273","0,4727272727",,,,,,,
DTN,28,27,"0,5090909091","0,4909090909",,,,,,,
DTN,33,22,"0,6","0,4",,,,,,,
DTN,36,19,"0,6545454545","0,3454545455",,,,,,,
DTN,30,25,"0,5454545455","0,4545454545",,,,,,,
DTN,33,22,"0,6","0,4",,,,,,,
DTN,37,18,"0,6727272727","0,3272727273",,,,,,,
DTN,36,19,"0,6545454545","0,3454545455",,,,,,,
DTN,38,17,"0,6909090909","0,3090909091",,,,,,,
DTN,29,26,"0,5272727273","0,4727272727",,,,,,,
DTN,34,21,"0,6181818182","0,3818181818",,,,,,,
DTN,35,20,"0,6363636364","0,3636363636",,,,,,,
DTN,40,15,"0,7272727273","0,2727272727",,,,,,,
DTN,35,20,"0,6363636364","0,3636363636",,,,,,,
DTN,31,24,"0,5636363636","0,4363636364",,,,,,,
DTN,34,21,"0,6181818182","0,3818181818",,,,,,,
DTN,32,23,"0,5818181818","0,4181818182",,,,,,,
DTN,33,22,"0,6","0,4",,,,,,,
DTN,33,22,"0,6","0,4",,,,,,,
DTN,42,13,"0,7636363636","0,2363636364",,,,,,,
DTN,29,26,"0,5272727273","0,4727272727",,,,,,,
DTN,30,25,"0,5454545455","0,4545454545",,,,,,,
DTN,30,25,"0,5454545455","0,4545454545",,,,,,,
DTN,33,22,"0,6","0,4",,,,,,,
DTN,32,23,"0,5818181818","0,4181818182",,,,,,,
DTN,32,23,"0,5818181818","0,4181818182",,,,,,,
DTN,25,30,"0,4545454545","0,5454545455",,,,,,,
DTN,36,19,"0,6545454545","0,3454545455",,,,,,,
DTN,33,22,"0,6","0,4",,,,,,,
DTN,40,15,"0,7272727273","0,2727272727",,,,,,,
DTN,37,18,"0,6727272727","0,3272727273",,,,,,,
DTN,35,20,"0,6363636364","0,3636363636",,,,,,,
DTN,19,33,"0,3653846154","0,6346153846",,,,,,,
DTN,36,16,"0,6923076923","0,3076923077",,,,,,,
DTN,32,20,"0,6153846154","0,3846153846",,,,,,,
DTN,37,15,"0,7115384615","0,2884615385",,,,,,,
DTN,27,25,"0,5192307692","0,4807692308",,,,,,,
DTN,31,21,"0,5961538462","0,4038461538",,,,,,,
DTN,34,18,"0,6538461538","0,3461538462",,,,,,,
DTN,35,17,"0,6730769231","0,3269230769",,,,,,,
DTN,36,16,"0,6923076923","0,3076923077",,,,,,,
DTN,35,17,"0,6730769231","0,3269230769",,,,,,,
DTN,35,17,"0,6730769231","0,3269230769",,,,,,,
DTN,32,20,"0,6153846154","0,3846153846",,,,,,,
DTN,34,18,"0,6538461538","0,3461538462",,,,,,,
DTN,37,15,"0,7115384615","0,2884615385",,,,,,,
DTN,31,21,"0,5961538462","0,4038461538",,,,,,,
DTN,27,25,"0,5192307692","0,4807692308",,,,,,,
DTN,35,17,"0,6730769231","0,3269230769",,,,,,,
DTN,24,28,"0,4615384615","0,5384615385",,,,,,,
DTN,38,14,"0,7307692308","0,2692307692",,,,,,,
DTN,36,16,"0,6923076923","0,3076923077",,,,,,,
DTN,27,25,"0,5192307692","0,4807692308",,,,,,,
DTN,33,19,"0,6346153846","0,3653846154",,,,,,,
DTN,33,19,"0,6346153846","0,3653846154",,,,,,,
DTN,35,17,"0,6730769231","0,3269230769",,,,,,,
DTN,33,19,"0,6346153846","0,3653846154",,,,,,,
DTN,30,22,"0,5769230769","0,4230769231",,,,,,,
DTN,32,20,"0,6153846154","0,3846153846",,,,,,,
DTN,38,14,"0,7307692308","0,2692307692",,,,,,,
DTN,32,20,"0,6153846154","0,3846153846",,,,,,,
DTN,24,28,"0,4615384615","0,5384615385",,,,,,,
DTN,32,20,"0,6153846154","0,3846153846",,,,,,,
DTN,35,17,"0,6730769231","0,3269230769",,,,,,,
DTN,24,28,"0,4615384615","0,5384615385",,,,,,,
DTN,27,25,"0,5192307692","0,4807692308",,,,,,,
DTN,27,25,"0,5192307692","0,4807692308",,,,,,,
DTN,28,24,"0,5384615385","0,4615384615",,,,,,,
DTN,36,16,"0,6923076923","0,3076923077",,,,,,,
DTN,29,23,"0,5576923077","0,4423076923",,,,,,,
DTN,29,23,"0,5576923077","0,4423076923",,,,,,,
DTN,34,18,"0,6538461538","0,3461538462",,,,,,,
DTN,23,29,"0,4423076923","0,5576923077",,,,,,,
DTN,28,24,"0,5384615385","0,4615384615",,,,,,,
DTN,33,19,"0,6346153846","0,3653846154",,,,,,,
DTN,35,17,"0,6730769231","0,3269230769",,,,,,,
DTN,29,23,"0,5576923077","0,4423076923",,,,,,,
DTN,34,18,"0,6538461538","0,3461538462",,,,,,,
DTN,36,16,"0,6923076923","0,3076923077",,,,,,,
DTN,30,22,"0,5769230769","0,4230769231",,,,,,,
DTN,36,16,"0,6923076923","0,3076923077",,,,,,,
DTN,35,17,"0,6730769231","0,3269230769",,,,,,,
DTN,31,17,"0,6458333333","0,3541666667",,,,,,,
DTN,26,22,"0,5416666667","0,4583333333",,,,,,,
DTN,34,14,"0,7083333333","0,2916666667",,,,,,,
DTN,28,20,"0,5833333333","0,4166666667",,,,,,,
DTN,28,20,"0,5833333333","0,4166666667",,,,,,,
DTN,27,21,"0,5625","0,4375",,,,,,,
DTN,29,19,"0,6041666667","0,3958333333",,,,,,,
DTN,23,25,"0,4791666667","0,5208333333",,,,,,,
DTN,29,19,"0,6041666667","0,3958333333",,,,,,,
DTN,32,16,"0,6666666667","0,3333333333",,,,,,,
DTN,27,21,"0,5625","0,4375",,,,,,,
DTN,31,17,"0,6458333333","0,3541666667",,,,,,,
DTN,32,16,"0,6666666667","0,3333333333",,,,,,,
DTN,32,16,"0,6666666667","0,3333333333",,,,,,,
DTN,31,17,"0,6458333333","0,3541666667",,,,,,,
DTN,32,16,"0,6666666667","0,3333333333",,,,,,,
DTN,32,16,"0,6666666667","0,3333333333",,,,,,,
DTN,28,20,"0,5833333333","0,4166666667",,,,,,,
DTN,32,16,"0,6666666667","0,3333333333",,,,,,,
DTN,28,20,"0,5833333333","0,4166666667",,,,,,,
DTN,34,14,"0,7083333333","0,2916666667",,,,,,,
DTN,31,17,"0,6458333333","0,3541666667",,,,,,,
DTN,29,19,"0,6041666667","0,3958333333",,,,,,,
DTN,32,16,"0,6666666667","0,3333333333",,,,,,,
DTN,27,21,"0,5625","0,4375",,,,,,,
DTN,25,23,"0,5208333333","0,4791666667",,,,,,,
DTN,34,14,"0,7083333333","0,2916666667",,,,,,,
DTN,33,15,"0,6875","0,3125",,,,,,,
DTN,28,20,"0,5833333333","0,4166666667",,,,,,,
DTN,25,23,"0,5208333333","0,4791666667",,,,,,,
DTN,23,25,"0,4791666667","0,5208333333",,,,,,,
DTN,31,17,"0,6458333333","0,3541666667",,,,,,,
DTN,26,22,"0,5416666667","0,4583333333",,,,,,,
DTN,31,17,"0,6458333333","0,3541666667",,,,,,,
DTN,28,20,"0,5833333333","0,4166666667",,,,,,,
DTN,28,20,"0,5833333333","0,4166666667",,,,,,,
DTN,32,16,"0,6666666667","0,3333333333",,,,,,,
DTN,29,19,"0,6041666667","0,3958333333",,,,,,,
DTN,31,17,"0,6458333333","0,3541666667",,,,,,,
DTN,31,17,"0,6458333333","0,3541666667",,,,,,,
DTN,28,20,"0,5833333333","0,4166666667",,,,,,,
DTN,25,23,"0,5208333333","0,4791666667",,,,,,,
DTN,27,21,"0,5625","0,4375",,,,,,,
DTN,26,22,"0,5416666667","0,4583333333",,,,,,,
DTN,29,19,"0,6041666667","0,3958333333",,,,,,,
DTN,29,19,"0,6041666667","0,3958333333",,,,,,,
DTN,35,13,"0,7291666667","0,2708333333",,,,,,,
DTN,29,15,"0,6590909091","0,3409090909",,,,,,,
DTN,29,15,"0,6590909091","0,3409090909",,,,,,,
DTN,25,19,"0,5681818182","0,4318181818",,,,,,,
DTN,27,17,"0,6136363636","0,3863636364",,,,,,,
DTN,20,24,"0,4545454545","0,5454545455",,,,,,,
DTN,32,12,"0,7272727273","0,2727272727",,,,,,,
DTN,24,20,"0,5454545455","0,4545454545",,,,,,,
DTN,20,24,"0,4545454545","0,5454545455",,,,,,,
DTN,25,19,"0,5681818182","0,4318181818",,,,,,,
DTN,25,19,"0,5681818182","0,4318181818",,,,,,,
DTN,25,19,"0,5681818182","0,4318181818",,,,,,,
DTN,28,16,"0,6363636364","0,3636363636",,,,,,,
DTN,33,11,"0,75","0,25",,,,,,,
DTN,30,14,"0,6818181818","0,3181818182",,,,,,,
DTN,29,15,"0,6590909091","0,3409090909",,,,,,,
DTN,26,18,"0,5909090909","0,4090909091",,,,,,,
DTN,28,16,"0,6363636364","0,3636363636",,,,,,,
DTN,31,13,"0,7045454545","0,2954545455",,,,,,,
DTN,24,20,"0,5454545455","0,4545454545",,,,,,,
DTN,25,19,"0,5681818182","0,4318181818",,,,,,,
DTN,20,24,"0,4545454545","0,5454545455",,,,,,,
DTN,27,17,"0,6136363636","0,3863636364",,,,,,,
DTN,31,13,"0,7045454545","0,2954545455",,,,,,,
DTN,33,11,"0,75","0,25",,,,,,,
DTN,31,13,"0,7045454545","0,2954545455",,,,,,,
DTN,27,17,"0,6136363636","0,3863636364",,,,,,,
DTN,25,19,"0,5681818182","0,4318181818",,,,,,,
DTN,24,20,"0,5454545455","0,4545454545",,,,,,,
DTN,21,23,"0,4772727273","0,5227272727",,,,,,,
DTN,24,20,"0,5454545455","0,4545454545",,,,,,,
DTN,26,18,"0,5909090909","0,4090909091",,,,,,,
DTN,27,17,"0,6136363636","0,3863636364",,,,,,,
DTN,24,20,"0,5454545455","0,4545454545",,,,,,,
DTN,28,16,"0,6363636364","0,3636363636",,,,,,,
DTN,22,22,"0,5","0,5",,,,,,,
DTN,25,19,"0,5681818182","0,4318181818",,,,,,,
DTN,31,13,"0,7045454545","0,2954545455",,,,,,,
DTN,26,18,"0,5909090909","0,4090909091",,,,,,,
DTN,29,15,"0,6590909091","0,3409090909",,,,,,,
DTN,28,16,"0,6363636364","0,3636363636",,,,,,,
DTN,27,17,"0,6136363636","0,3863636364",,,,,,,
DTN,32,12,"0,7272727273","0,2727272727",,,,,,,
DTN,25,19,"0,5681818182","0,4318181818",,,,,,,
DTN,33,11,"0,75","0,25",,,,,,,
DTN,22,22,"0,5","0,5",,,,,,,
DTN,28,16,"0,6363636364","0,3636363636",,,,,,,
DTN,27,17,"0,6136363636","0,3863636364",,,,,,,
DTN,31,13,"0,7045454545","0,2954545455",,,,,,,
DTN,24,20,"0,5454545455","0,4545454545",,,,,,,
DTN,24,20,"0,5454545455","0,4545454545",,,,,,,
DTN,25,14,"0,641025641","0,358974359",,,,,,,
DTN,26,13,"0,6666666667","0,3333333333",,,,,,,
DTN,26,13,"0,6666666667","0,3333333333",,,,,,,
DTN,26,13,"0,6666666667","0,3333333333",,,,,,,
DTN,28,11,"0,7179487179","0,2820512821",,,,,,,
DTN,24,15,"0,6153846154","0,3846153846",,,,,,,
DTN,28,11,"0,7179487179","0,2820512821",,,,,,,
DTN,25,14,"0,641025641","0,358974359",,,,,,,
DTN,15,24,"0,3846153846","0,6153846154",,,,,,,
DTN,22,17,"0,5641025641","0,4358974359",,,,,,,
DTN,26,13,"0,6666666667","0,3333333333",,,,,,,
DTN,27,12,"0,6923076923","0,3076923077",,,,,,,
DTN,25,14,"0,641025641","0,358974359",,,,,,,
DTN,24,15,"0,6153846154","0,3846153846",,,,,,,
DTN,26,13,"0,6666666667","0,3333333333",,,,,,,
DTN,25,14,"0,641025641","0,358974359",,,,,,,
DTN,23,16,"0,5897435897","0,4102564103",,,,,,,
DTN,23,16,"0,5897435897","0,4102564103",,,,,,,
DTN,25,14,"0,641025641","0,358974359",,,,,,,
DTN,24,15,"0,6153846154","0,3846153846",,,,,,,
DTN,25,14,"0,641025641","0,358974359",,,,,,,
DTN,24,15,"0,6153846154","0,3846153846",,,,,,,
DTN,25,14,"0,641025641","0,358974359",,,,,,,
DTN,29,10,"0,7435897436","0,2564102564",,,,,,,
DTN,21,18,"0,5384615385","0,4615384615",,,,,,,
DTN,25,14,"0,641025641","0,358974359",,,,,,,
DTN,27,12,"0,6923076923","0,3076923077",,,,,,,
DTN,28,11,"0,7179487179","0,2820512821",,,,,,,
DTN,19,20,"0,4871794872","0,5128205128",,,,,,,
DTN,29,10,"0,7435897436","0,2564102564",,,,,,,
DTN,28,11,"0,7179487179","0,2820512821",,,,,,,
DTN,24,15,"0,6153846154","0,3846153846",,,,,,,
DTN,20,19,"0,5128205128","0,4871794872",,,,,,,
DTN,24,15,"0,6153846154","0,3846153846",,,,,,,
DTN,24,15,"0,6153846154","0,3846153846",,,,,,,
DTN,27,12,"0,6923076923","0,3076923077",,,,,,,
DTN,27,12,"0,6923076923","0,3076923077",,,,,,,
DTN,21,18,"0,5384615385","0,4615384615",,,,,,,
DTN,24,15,"0,6153846154","0,3846153846",,,,,,,
DTN,22,17,"0,5641025641","0,4358974359",,,,,,,
DTN,24,15,"0,6153846154","0,3846153846",,,,,,,
DTN,26,13,"0,6666666667","0,3333333333",,,,,,,
DTN,23,16,"0,5897435897","0,4102564103",,,,,,,
DTN,23,16,"0,5897435897","0,4102564103",,,,,,,
DTN,29,10,"0,7435897436","0,2564102564",,,,,,,
DTN,28,11,"0,7179487179","0,2820512821",,,,,,,
DTN,23,16,"0,5897435897","0,4102564103",,,,,,,
DTN,25,14,"0,641025641","0,358974359",,,,,,,
DTN,29,10,"0,7435897436","0,2564102564",,,,,,,
DTN,27,12,"0,6923076923","0,3076923077",,,,,,,
SGD,30,33,"0,4761904762","0,5238095238",,,,,,,
SGD,25,38,"0,3968253968","0,6031746032",,,,,,,
SGD,16,47,"0,253968254","0,746031746",,,,,,,
SGD,25,38,"0,3968253968","0,6031746032",,,,,,,
SGD,22,41,"0,3492063492","0,6507936508",,,,,,,
SGD,20,43,"0,3174603175","0,6825396825",,,,,,,
SGD,25,38,"0,3968253968","0,6031746032",,,,,,,
SGD,19,44,"0,3015873016","0,6984126984",,,,,,,
SGD,16,47,"0,253968254","0,746031746",,,,,,,
SGD,19,44,"0,3015873016","0,6984126984",,,,,,,
SGD,23,40,"0,3650793651","0,6349206349",,,,,,,
SGD,21,42,"0,3333333333","0,6666666667",,,,,,,
SGD,17,46,"0,2698412698","0,7301587302",,,,,,,
SGD,18,45,"0,2857142857","0,7142857143",,,,,,,
SGD,18,45,"0,2857142857","0,7142857143",,,,,,,
SGD,12,51,"0,1904761905","0,8095238095",,,,,,,
SGD,14,49,"0,2222222222","0,7777777778",,,,,,,
SGD,16,47,"0,253968254","0,746031746",,,,,,,
SGD,11,52,"0,1746031746","0,8253968254",,,,,,,
SGD,20,43,"0,3174603175","0,6825396825",,,,,,,
SGD,19,44,"0,3015873016","0,6984126984",,,,,,,
SGD,18,45,"0,2857142857","0,7142857143",,,,,,,
SGD,23,40,"0,3650793651","0,6349206349",,,,,,,
SGD,18,45,"0,2857142857","0,7142857143",,,,,,,
SGD,15,48,"0,2380952381","0,7619047619",,,,,,,
SGD,20,43,"0,3174603175","0,6825396825",,,,,,,
SGD,21,42,"0,3333333333","0,6666666667",,,,,,,
SGD,16,47,"0,253968254","0,746031746",,,,,,,
SGD,21,42,"0,3333333333","0,6666666667",,,,,,,
SGD,9,54,"0,1428571429","0,8571428571",,,,,,,
SGD,20,43,"0,3174603175","0,6825396825",,,,,,,
SGD,18,45,"0,2857142857","0,7142857143",,,,,,,
SGD,17,46,"0,2698412698","0,7301587302",,,,,,,
SGD,19,44,"0,3015873016","0,6984126984",,,,,,,
SGD,28,35,"0,4444444444","0,5555555556",,,,,,,
SGD,23,40,"0,3650793651","0,6349206349",,,,,,,
SGD,16,47,"0,253968254","0,746031746",,,,,,,
SGD,21,42,"0,3333333333","0,6666666667",,,,,,,
SGD,18,45,"0,2857142857","0,7142857143",,,,,,,
SGD,12,51,"0,1904761905","0,8095238095",,,,,,,
SGD,20,43,"0,3174603175","0,6825396825",,,,,,,
SGD,12,51,"0,1904761905","0,8095238095",,,,,,,
SGD,27,36,"0,4285714286","0,5714285714",,,,,,,
SGD,19,44,"0,3015873016","0,6984126984",,,,,,,
SGD,23,40,"0,3650793651","0,6349206349",,,,,,,
SGD,14,49,"0,2222222222","0,7777777778",,,,,,,
SGD,15,48,"0,2380952381","0,7619047619",,,,,,,
SGD,19,44,"0,3015873016","0,6984126984",,,,,,,
SGD,26,37,"0,4126984127","0,5873015873",,,,,,,
SGD,21,42,"0,3333333333","0,6666666667",,,,,,,
SGD,24,39,"0,380952381","0,619047619",,,,,,,
SGD,20,43,"0,3174603175","0,6825396825",,,,,,,
SGD,15,48,"0,2380952381","0,7619047619",,,,,,,
SGD,17,46,"0,2698412698","0,7301587302",,,,,,,
SGD,20,43,"0,3174603175","0,6825396825",,,,,,,
SGD,22,41,"0,3492063492","0,6507936508",,,,,,,
SGD,32,31,"0,5079365079","0,4920634921",,,,,,,
SGD,13,50,"0,2063492063","0,7936507937",,,,,,,
SGD,14,49,"0,2222222222","0,7777777778",,,,,,,
SGD,16,47,"0,253968254","0,746031746",,,,,,,
SGD,25,38,"0,3968253968","0,6031746032",,,,,,,
SGD,20,43,"0,3174603175","0,6825396825",,,,,,,
SGD,14,49,"0,2222222222","0,7777777778",,,,,,,
SGD,17,46,"0,2698412698","0,7301587302",,,,,,,
SGD,26,37,"0,4126984127","0,5873015873",,,,,,,
SGD,17,46,"0,2698412698","0,7301587302",,,,,,,
SGD,24,39,"0,380952381","0,619047619",,,,,,,
SGD,19,44,"0,3015873016","0,6984126984",,,,,,,
SGD,21,42,"0,3333333333","0,6666666667",,,,,,,
SGD,19,44,"0,3015873016","0,6984126984",,,,,,,
SGD,19,44,"0,3015873016","0,6984126984",,,,,,,
SGD,21,42,"0,3333333333","0,6666666667",,,,,,,
SGD,18,45,"0,2857142857","0,7142857143",,,,,,,
SGD,16,47,"0,253968254","0,746031746",,,,,,,
SGD,20,43,"0,3174603175","0,6825396825",,,,,,,
SGD,25,38,"0,3968253968","0,6031746032",,,,,,,
SGD,20,43,"0,3174603175","0,6825396825",,,,,,,
SGD,17,46,"0,2698412698","0,7301587302",,,,,,,
SGD,29,34,"0,4603174603","0,5396825397",,,,,,,
SGD,23,40,"0,3650793651","0,6349206349",,,,,,,
SGD,23,40,"0,3650793651","0,6349206349",,,,,,,
SGD,25,38,"0,3968253968","0,6031746032",,,,,,,
SGD,19,44,"0,3015873016","0,6984126984",,,,,,,
SGD,17,46,"0,2698412698","0,7301587302",,,,,,,
SGD,18,45,"0,2857142857","0,7142857143",,,,,,,
SGD,13,50,"0,2063492063","0,7936507937",,,,,,,
SGD,19,44,"0,3015873016","0,6984126984",,,,,,,
SGD,13,50,"0,2063492063","0,7936507937",,,,,,,
SGD,15,48,"0,2380952381","0,7619047619",,,,,,,
SGD,25,38,"0,3968253968","0,6031746032",,,,,,,
SGD,26,37,"0,4126984127","0,5873015873",,,,,,,
SGD,19,44,"0,3015873016","0,6984126984",,,,,,,
SGD,6,57,"0,0952380952","0,9047619048",,,,,,,
SGD,18,45,"0,2857142857","0,7142857143",,,,,,,
SGD,27,36,"0,4285714286","0,5714285714",,,,,,,
SGD,21,42,"0,3333333333","0,6666666667",,,,,,,
SGD,15,48,"0,2380952381","0,7619047619",,,,,,,
SGD,21,42,"0,3333333333","0,6666666667",,,,,,,
SGD,18,45,"0,2857142857","0,7142857143",,,,,,,
SGD,24,39,"0,380952381","0,619047619",,,,,,,
SGD,17,45,"0,2741935484","0,7258064516",,,,,,,
SGD,21,41,"0,3387096774","0,6612903226",,,,,,,
SGD,22,40,"0,3548387097","0,6451612903",,,,,,,
SGD,20,42,"0,3225806452","0,6774193548",,,,,,,
SGD,17,45,"0,2741935484","0,7258064516",,,,,,,
SGD,20,42,"0,3225806452","0,6774193548",,,,,,,
SGD,15,47,"0,2419354839","0,7580645161",,,,,,,
SGD,27,35,"0,435483871","0,564516129",,,,,,,
SGD,25,37,"0,4032258065","0,5967741935",,,,,,,
SGD,19,43,"0,3064516129","0,6935483871",,,,,,,
SGD,17,45,"0,2741935484","0,7258064516",,,,,,,
SGD,26,36,"0,4193548387","0,5806451613",,,,,,,
SGD,14,48,"0,2258064516","0,7741935484",,,,,,,
SGD,18,44,"0,2903225806","0,7096774194",,,,,,,
SGD,21,41,"0,3387096774","0,6612903226",,,,,,,
SGD,18,44,"0,2903225806","0,7096774194",,,,,,,
SGD,13,49,"0,2096774194","0,7903225806",,,,,,,
SGD,14,48,"0,2258064516","0,7741935484",,,,,,,
SGD,26,36,"0,4193548387","0,5806451613",,,,,,,
SGD,29,33,"0,4677419355","0,5322580645",,,,,,,
SGD,22,40,"0,3548387097","0,6451612903",,,,,,,
SGD,24,38,"0,3870967742","0,6129032258",,,,,,,
SGD,16,46,"0,2580645161","0,7419354839",,,,,,,
SGD,26,36,"0,4193548387","0,5806451613",,,,,,,
SGD,23,39,"0,3709677419","0,6290322581",,,,,,,
SGD,25,37,"0,4032258065","0,5967741935",,,,,,,
SGD,20,42,"0,3225806452","0,6774193548",,,,,,,
SGD,16,46,"0,2580645161","0,7419354839",,,,,,,
SGD,28,34,"0,4516129032","0,5483870968",,,,,,,
SGD,20,42,"0,3225806452","0,6774193548",,,,,,,
SGD,14,48,"0,2258064516","0,7741935484",,,,,,,
SGD,13,49,"0,2096774194","0,7903225806",,,,,,,
SGD,22,40,"0,3548387097","0,6451612903",,,,,,,
SGD,23,39,"0,3709677419","0,6290322581",,,,,,,
SGD,20,42,"0,3225806452","0,6774193548",,,,,,,
SGD,22,40,"0,3548387097","0,6451612903",,,,,,,
SGD,19,43,"0,3064516129","0,6935483871",,,,,,,
SGD,24,38,"0,3870967742","0,6129032258",,,,,,,
SGD,20,42,"0,3225806452","0,6774193548",,,,,,,
SGD,24,38,"0,3870967742","0,6129032258",,,,,,,
SGD,17,45,"0,2741935484","0,7258064516",,,,,,,
SGD,26,36,"0,4193548387","0,5806451613",,,,,,,
SGD,18,44,"0,2903225806","0,7096774194",,,,,,,
SGD,19,43,"0,3064516129","0,6935483871",,,,,,,
SGD,16,46,"0,2580645161","0,7419354839",,,,,,,
SGD,20,42,"0,3225806452","0,6774193548",,,,,,,
SGD,20,42,"0,3225806452","0,6774193548",,,,,,,
SGD,18,44,"0,2903225806","0,7096774194",,,,,,,
SGD,20,42,"0,3225806452","0,6774193548",,,,,,,
SGD,19,43,"0,3064516129","0,6935483871",,,,,,,
SGD,21,39,"0,35","0,65",,,,,,,
SGD,13,47,"0,2166666667","0,7833333333",,,,,,,
SGD,18,42,"0,3","0,7",,,,,,,
SGD,17,43,"0,2833333333","0,7166666667",,,,,,,
SGD,21,39,"0,35","0,65",,,,,,,
SGD,19,41,"0,3166666667","0,6833333333",,,,,,,
SGD,19,41,"0,3166666667","0,6833333333",,,,,,,
SGD,20,40,"0,3333333333","0,6666666667",,,,,,,
SGD,17,43,"0,2833333333","0,7166666667",,,,,,,
SGD,27,33,"0,45","0,55",,,,,,,
SGD,19,41,"0,3166666667","0,6833333333",,,,,,,
SGD,16,44,"0,2666666667","0,7333333333",,,,,,,
SGD,17,43,"0,2833333333","0,7166666667",,,,,,,
SGD,21,39,"0,35","0,65",,,,,,,
SGD,23,37,"0,3833333333","0,6166666667",,,,,,,
SGD,21,39,"0,35","0,65",,,,,,,
SGD,21,39,"0,35","0,65",,,,,,,
SGD,18,42,"0,3","0,7",,,,,,,
SGD,19,41,"0,3166666667","0,6833333333",,,,,,,
SGD,22,38,"0,3666666667","0,6333333333",,,,,,,
SGD,19,41,"0,3166666667","0,6833333333",,,,,,,
SGD,25,35,"0,4166666667","0,5833333333",,,,,,,
SGD,17,43,"0,2833333333","0,7166666667",,,,,,,
SGD,23,37,"0,3833333333","0,6166666667",,,,,,,
SGD,15,45,"0,25","0,75",,,,,,,
SGD,21,39,"0,35","0,65",,,,,,,
SGD,22,38,"0,3666666667","0,6333333333",,,,,,,
SGD,14,46,"0,2333333333","0,7666666667",,,,,,,
SGD,27,33,"0,45","0,55",,,,,,,
SGD,18,42,"0,3","0,7",,,,,,,
SGD,26,34,"0,4333333333","0,5666666667",,,,,,,
SGD,16,44,"0,2666666667","0,7333333333",,,,,,,
SGD,15,45,"0,25","0,75",,,,,,,
SGD,17,43,"0,2833333333","0,7166666667",,,,,,,
SGD,28,32,"0,4666666667","0,5333333333",,,,,,,
SGD,14,46,"0,2333333333","0,7666666667",,,,,,,
SGD,20,40,"0,3333333333","0,6666666667",,,,,,,
SGD,26,34,"0,4333333333","0,5666666667",,,,,,,
SGD,17,43,"0,2833333333","0,7166666667",,,,,,,
SGD,19,41,"0,3166666667","0,6833333333",,,,,,,
SGD,23,37,"0,3833333333","0,6166666667",,,,,,,
SGD,20,40,"0,3333333333","0,6666666667",,,,,,,
SGD,18,42,"0,3","0,7",,,,,,,
SGD,17,43,"0,2833333333","0,7166666667",,,,,,,
SGD,26,34,"0,4333333333","0,5666666667",,,,,,,
SGD,17,43,"0,2833333333","0,7166666667",,,,,,,
SGD,15,45,"0,25","0,75",,,,,,,
SGD,16,44,"0,2666666667","0,7333333333",,,,,,,
SGD,16,44,"0,2666666667","0,7333333333",,,,,,,
SGD,20,40,"0,3333333333","0,6666666667",,,,,,,
SGD,19,39,"0,3275862069","0,6724137931",,,,,,,
SGD,22,36,"0,3793103448","0,6206896552",,,,,,,
SGD,18,40,"0,3103448276","0,6896551724",,,,,,,
SGD,20,38,"0,3448275862","0,6551724138",,,,,,,
SGD,21,37,"0,3620689655","0,6379310345",,,,,,,
SGD,22,36,"0,3793103448","0,6206896552",,,,,,,
SGD,21,37,"0,3620689655","0,6379310345",,,,,,,
SGD,17,41,"0,2931034483","0,7068965517",,,,,,,
SGD,18,40,"0,3103448276","0,6896551724",,,,,,,
SGD,21,37,"0,3620689655","0,6379310345",,,,,,,
SGD,18,40,"0,3103448276","0,6896551724",,,,,,,
SGD,22,36,"0,3793103448","0,6206896552",,,,,,,
SGD,25,33,"0,4310344828","0,5689655172",,,,,,,
SGD,22,36,"0,3793103448","0,6206896552",,,,,,,
SGD,12,46,"0,2068965517","0,7931034483",,,,,,,
SGD,11,47,"0,1896551724","0,8103448276",,,,,,,
SGD,17,41,"0,2931034483","0,7068965517",,,,,,,
SGD,17,41,"0,2931034483","0,7068965517",,,,,,,
SGD,22,36,"0,3793103448","0,6206896552",,,,,,,
SGD,23,35,"0,3965517241","0,6034482759",,,,,,,
SGD,17,41,"0,2931034483","0,7068965517",,,,,,,
SGD,13,45,"0,224137931","0,775862069",,,,,,,
SGD,21,37,"0,3620689655","0,6379310345",,,,,,,
SGD,11,47,"0,1896551724","0,8103448276",,,,,,,
SGD,22,36,"0,3793103448","0,6206896552",,,,,,,
SGD,18,40,"0,3103448276","0,6896551724",,,,,,,
SGD,21,37,"0,3620689655","0,6379310345",,,,,,,
SGD,21,37,"0,3620689655","0,6379310345",,,,,,,
SGD,15,43,"0,2586206897","0,7413793103",,,,,,,
SGD,16,42,"0,275862069","0,724137931",,,,,,,
SGD,15,43,"0,2586206897","0,7413793103",,,,,,,
SGD,16,42,"0,275862069","0,724137931",,,,,,,
SGD,18,40,"0,3103448276","0,6896551724",,,,,,,
SGD,17,41,"0,2931034483","0,7068965517",,,,,,,
SGD,16,42,"0,275862069","0,724137931",,,,,,,
SGD,15,43,"0,2586206897","0,7413793103",,,,,,,
SGD,22,36,"0,3793103448","0,6206896552",,,,,,,
SGD,17,41,"0,2931034483","0,7068965517",,,,,,,
SGD,18,40,"0,3103448276","0,6896551724",,,,,,,
SGD,18,40,"0,3103448276","0,6896551724",,,,,,,
SGD,19,39,"0,3275862069","0,6724137931",,,,,,,
SGD,19,39,"0,3275862069","0,6724137931",,,,,,,
SGD,19,39,"0,3275862069","0,6724137931",,,,,,,
SGD,19,39,"0,3275862069","0,6724137931",,,,,,,
SGD,22,36,"0,3793103448","0,6206896552",,,,,,,
SGD,30,28,"0,5172413793","0,4827586207",,,,,,,
SGD,13,45,"0,224137931","0,775862069",,,,,,,
SGD,21,37,"0,3620689655","0,6379310345",,,,,,,
SGD,21,37,"0,3620689655","0,6379310345",,,,,,,
SGD,21,37,"0,3620689655","0,6379310345",,,,,,,
SGD,19,36,"0,3454545455","0,6545454545",,,,,,,
SGD,18,37,"0,3272727273","0,6727272727",,,,,,,
SGD,23,32,"0,4181818182","0,5818181818",,,,,,,
SGD,16,39,"0,2909090909","0,7090909091",,,,,,,
SGD,22,33,"0,4","0,6",,,,,,,
SGD,17,38,"0,3090909091","0,6909090909",,,,,,,
SGD,16,39,"0,2909090909","0,7090909091",,,,,,,
SGD,20,35,"0,3636363636","0,6363636364",,,,,,,
SGD,20,35,"0,3636363636","0,6363636364",,,,,,,
SGD,13,42,"0,2363636364","0,7636363636",,,,,,,
SGD,14,41,"0,2545454545","0,7454545455",,,,,,,
SGD,19,36,"0,3454545455","0,6545454545",,,,,,,
SGD,21,34,"0,3818181818","0,6181818182",,,,,,,
SGD,21,34,"0,3818181818","0,6181818182",,,,,,,
SGD,15,40,"0,2727272727","0,7272727273",,,,,,,
SGD,19,36,"0,3454545455","0,6545454545",,,,,,,
SGD,17,38,"0,3090909091","0,6909090909",,,,,,,
SGD,10,45,"0,1818181818","0,8181818182",,,,,,,
SGD,13,42,"0,2363636364","0,7636363636",,,,,,,
SGD,14,41,"0,2545454545","0,7454545455",,,,,,,
SGD,12,43,"0,2181818182","0,7818181818",,,,,,,
SGD,15,40,"0,2727272727","0,7272727273",,,,,,,
SGD,15,40,"0,2727272727","0,7272727273",,,,,,,
SGD,17,38,"0,3090909091","0,6909090909",,,,,,,
SGD,15,40,"0,2727272727","0,7272727273",,,,,,,
SGD,25,30,"0,4545454545","0,5454545455",,,,,,,
SGD,22,33,"0,4","0,6",,,,,,,
SGD,16,39,"0,2909090909","0,7090909091",,,,,,,
SGD,16,39,"0,2909090909","0,7090909091",,,,,,,
SGD,15,40,"0,2727272727","0,7272727273",,,,,,,
SGD,21,34,"0,3818181818","0,6181818182",,,,,,,
SGD,17,38,"0,3090909091","0,6909090909",,,,,,,
SGD,18,37,"0,3272727273","0,6727272727",,,,,,,
SGD,19,36,"0,3454545455","0,6545454545",,,,,,,
SGD,14,41,"0,2545454545","0,7454545455",,,,,,,
SGD,14,41,"0,2545454545","0,7454545455",,,,,,,
SGD,18,37,"0,3272727273","0,6727272727",,,,,,,
SGD,21,34,"0,3818181818","0,6181818182",,,,,,,
SGD,14,41,"0,2545454545","0,7454545455",,,,,,,
SGD,22,33,"0,4","0,6",,,,,,,
SGD,22,33,"0,4","0,6",,,,,,,
SGD,19,36,"0,3454545455","0,6545454545",,,,,,,
SGD,13,42,"0,2363636364","0,7636363636",,,,,,,
SGD,22,33,"0,4","0,6",,,,,,,
SGD,11,44,"0,2","0,8",,,,,,,
SGD,18,37,"0,3272727273","0,6727272727",,,,,,,
SGD,22,33,"0,4","0,6",,,,,,,
SGD,18,37,"0,3272727273","0,6727272727",,,,,,,
SGD,24,31,"0,4363636364","0,5636363636",,,,,,,
SGD,9,46,"0,1636363636","0,8363636364",,,,,,,
SGD,12,40,"0,2307692308","0,7692307692",,,,,,,
SGD,9,43,"0,1730769231","0,8269230769",,,,,,,
SGD,19,33,"0,3653846154","0,6346153846",,,,,,,
SGD,19,33,"0,3653846154","0,6346153846",,,,,,,
SGD,23,29,"0,4423076923","0,5576923077",,,,,,,
SGD,11,41,"0,2115384615","0,7884615385",,,,,,,
SGD,19,33,"0,3653846154","0,6346153846",,,,,,,
SGD,20,32,"0,3846153846","0,6153846154",,,,,,,
SGD,14,38,"0,2692307692","0,7307692308",,,,,,,
SGD,18,34,"0,3461538462","0,6538461538",,,,,,,
SGD,18,34,"0,3461538462","0,6538461538",,,,,,,
SGD,21,31,"0,4038461538","0,5961538462",,,,,,,
SGD,18,34,"0,3461538462","0,6538461538",,,,,,,
SGD,14,38,"0,2692307692","0,7307692308",,,,,,,
SGD,16,36,"0,3076923077","0,6923076923",,,,,,,
SGD,18,34,"0,3461538462","0,6538461538",,,,,,,
SGD,15,37,"0,2884615385","0,7115384615",,,,,,,
SGD,18,34,"0,3461538462","0,6538461538",,,,,,,
SGD,18,34,"0,3461538462","0,6538461538",,,,,,,
SGD,17,35,"0,3269230769","0,6730769231",,,,,,,
SGD,17,35,"0,3269230769","0,6730769231",,,,,,,
SGD,13,39,"0,25","0,75",,,,,,,
SGD,14,38,"0,2692307692","0,7307692308",,,,,,,
SGD,13,39,"0,25","0,75",,,,,,,
SGD,10,42,"0,1923076923","0,8076923077",,,,,,,
SGD,18,34,"0,3461538462","0,6538461538",,,,,,,
SGD,20,32,"0,3846153846","0,6153846154",,,,,,,
SGD,23,29,"0,4423076923","0,5576923077",,,,,,,
SGD,19,33,"0,3653846154","0,6346153846",,,,,,,
SGD,22,30,"0,4230769231","0,5769230769",,,,,,,
SGD,12,40,"0,2307692308","0,7692307692",,,,,,,
SGD,19,33,"0,3653846154","0,6346153846",,,,,,,
SGD,15,37,"0,2884615385","0,7115384615",,,,,,,
SGD,17,35,"0,3269230769","0,6730769231",,,,,,,
SGD,23,29,"0,4423076923","0,5576923077",,,,,,,
SGD,17,35,"0,3269230769","0,6730769231",,,,,,,
SGD,16,36,"0,3076923077","0,6923076923",,,,,,,
SGD,18,34,"0,3461538462","0,6538461538",,,,,,,
SGD,17,35,"0,3269230769","0,6730769231",,,,,,,
SGD,25,27,"0,4807692308","0,5192307692",,,,,,,
SGD,25,27,"0,4807692308","0,5192307692",,,,,,,
SGD,19,33,"0,3653846154","0,6346153846",,,,,,,
SGD,19,33,"0,3653846154","0,6346153846",,,,,,,
SGD,23,29,"0,4423076923","0,5576923077",,,,,,,
SGD,16,36,"0,3076923077","0,6923076923",,,,,,,
SGD,13,39,"0,25","0,75",,,,,,,
SGD,16,36,"0,3076923077","0,6923076923",,,,,,,
SGD,21,31,"0,4038461538","0,5961538462",,,,,,,
SGD,16,36,"0,3076923077","0,6923076923",,,,,,,
SGD,19,33,"0,3653846154","0,6346153846",,,,,,,
SGD,20,28,"0,4166666667","0,5833333333",,,,,,,
SGD,19,29,"0,3958333333","0,6041666667",,,,,,,
SGD,21,27,"0,4375","0,5625",,,,,,,
SGD,22,26,"0,4583333333","0,5416666667",,,,,,,
SGD,15,33,"0,3125","0,6875",,,,,,,
SGD,14,34,"0,2916666667","0,7083333333",,,,,,,
SGD,24,24,"0,5","0,5",,,,,,,
SGD,13,35,"0,2708333333","0,7291666667",,,,,,,
SGD,20,28,"0,4166666667","0,5833333333",,,,,,,
SGD,15,33,"0,3125","0,6875",,,,,,,
SGD,11,37,"0,2291666667","0,7708333333",,,,,,,
SGD,13,35,"0,2708333333","0,7291666667",,,,,,,
SGD,7,41,"0,1458333333","0,8541666667",,,,,,,
SGD,20,28,"0,4166666667","0,5833333333",,,,,,,
SGD,17,31,"0,3541666667","0,6458333333",,,,,,,
SGD,15,33,"0,3125","0,6875",,,,,,,
SGD,20,28,"0,4166666667","0,5833333333",,,,,,,
SGD,15,33,"0,3125","0,6875",,,,,,,
SGD,15,33,"0,3125","0,6875",,,,,,,
SGD,13,35,"0,2708333333","0,7291666667",,,,,,,
SGD,15,33,"0,3125","0,6875",,,,,,,
SGD,19,29,"0,3958333333","0,6041666667",,,,,,,
SGD,19,29,"0,3958333333","0,6041666667",,,,,,,
SGD,12,36,"0,25","0,75",,,,,,,
SGD,13,35,"0,2708333333","0,7291666667",,,,,,,
SGD,16,32,"0,3333333333","0,6666666667",,,,,,,
SGD,16,32,"0,3333333333","0,6666666667",,,,,,,
SGD,16,32,"0,3333333333","0,6666666667",,,,,,,
SGD,19,29,"0,3958333333","0,6041666667",,,,,,,
SGD,25,23,"0,5208333333","0,4791666667",,,,,,,
SGD,17,31,"0,3541666667","0,6458333333",,,,,,,
SGD,12,36,"0,25","0,75",,,,,,,
SGD,12,36,"0,25","0,75",,,,,,,
SGD,19,29,"0,3958333333","0,6041666667",,,,,,,
SGD,20,28,"0,4166666667","0,5833333333",,,,,,,
SGD,10,38,"0,2083333333","0,7916666667",,,,,,,
SGD,13,35,"0,2708333333","0,7291666667",,,,,,,
SGD,19,29,"0,3958333333","0,6041666667",,,,,,,
SGD,15,33,"0,3125","0,6875",,,,,,,
SGD,15,33,"0,3125","0,6875",,,,,,,
SGD,20,28,"0,4166666667","0,5833333333",,,,,,,
SGD,15,33,"0,3125","0,6875",,,,,,,
SGD,15,33,"0,3125","0,6875",,,,,,,
SGD,20,28,"0,4166666667","0,5833333333",,,,,,,
SGD,14,34,"0,2916666667","0,7083333333",,,,,,,
SGD,21,27,"0,4375","0,5625",,,,,,,
SGD,14,30,"0,3181818182","0,6818181818",,,,,,,
SGD,14,30,"0,3181818182","0,6818181818",,,,,,,
SGD,19,25,"0,4318181818","0,5681818182",,,,,,,
SGD,10,34,"0,2272727273","0,7727272727",,,,,,,
SGD,17,27,"0,3863636364","0,6136363636",,,,,,,
SGD,23,21,"0,5227272727","0,4772727273",,,,,,,
SGD,15,29,"0,3409090909","0,6590909091",,,,,,,
SGD,15,29,"0,3409090909","0,6590909091",,,,,,,
SGD,13,31,"0,2954545455","0,7045454545",,,,,,,
SGD,12,32,"0,2727272727","0,7272727273",,,,,,,
SGD,11,33,"0,25","0,75",,,,,,,
SGD,16,28,"0,3636363636","0,6363636364",,,,,,,
SGD,13,31,"0,2954545455","0,7045454545",,,,,,,
SGD,15,29,"0,3409090909","0,6590909091",,,,,,,
SGD,19,25,"0,4318181818","0,5681818182",,,,,,,
SGD,17,27,"0,3863636364","0,6136363636",,,,,,,
SGD,17,27,"0,3863636364","0,6136363636",,,,,,,
SGD,15,29,"0,3409090909","0,6590909091",,,,,,,
SGD,21,23,"0,4772727273","0,5227272727",,,,,,,
SGD,17,27,"0,3863636364","0,6136363636",,,,,,,
SGD,13,31,"0,2954545455","0,7045454545",,,,,,,
SGD,14,30,"0,3181818182","0,6818181818",,,,,,,
SGD,18,26,"0,4090909091","0,5909090909",,,,,,,
SGD,13,31,"0,2954545455","0,7045454545",,,,,,,
SGD,12,32,"0,2727272727","0,7272727273",,,,,,,
SGD,15,29,"0,3409090909","0,6590909091",,,,,,,
SGD,5,39,"0,1136363636","0,8863636364",,,,,,,
SGD,6,38,"0,1363636364","0,8636363636",,,,,,,
SGD,12,32,"0,2727272727","0,7272727273",,,,,,,
SGD,27,17,"0,6136363636","0,3863636364",,,,,,,
SGD,15,29,"0,3409090909","0,6590909091",,,,,,,
SGD,12,32,"0,2727272727","0,7272727273",,,,,,,
SGD,22,22,"0,5","0,5",,,,,,,
SGD,13,31,"0,2954545455","0,7045454545",,,,,,,
SGD,18,26,"0,4090909091","0,5909090909",,,,,,,
SGD,18,26,"0,4090909091","0,5909090909",,,,,,,
SGD,13,31,"0,2954545455","0,7045454545",,,,,,,
SGD,19,25,"0,4318181818","0,5681818182",,,,,,,
SGD,14,30,"0,3181818182","0,6818181818",,,,,,,
SGD,16,28,"0,3636363636","0,6363636364",,,,,,,
SGD,15,29,"0,3409090909","0,6590909091",,,,,,,
SGD,12,32,"0,2727272727","0,7272727273",,,,,,,
SGD,10,34,"0,2272727273","0,7727272727",,,,,,,
SGD,15,29,"0,3409090909","0,6590909091",,,,,,,
SGD,11,33,"0,25","0,75",,,,,,,
SGD,11,33,"0,25","0,75",,,,,,,
SGD,11,33,"0,25","0,75",,,,,,,
SGD,22,22,"0,5","0,5",,,,,,,
SGD,15,29,"0,3409090909","0,6590909091",,,,,,,
SGD,20,24,"0,4545454545","0,5454545455",,,,,,,
SGD,12,27,"0,3076923077","0,6923076923",,,,,,,
SGD,11,28,"0,2820512821","0,7179487179",,,,,,,
SGD,9,30,"0,2307692308","0,7692307692",,,,,,,
SGD,9,30,"0,2307692308","0,7692307692",,,,,,,
SGD,16,23,"0,4102564103","0,5897435897",,,,,,,
SGD,14,25,"0,358974359","0,641025641",,,,,,,
SGD,13,26,"0,3333333333","0,6666666667",,,,,,,
SGD,20,19,"0,5128205128","0,4871794872",,,,,,,
SGD,10,29,"0,2564102564","0,7435897436",,,,,,,
SGD,17,22,"0,4358974359","0,5641025641",,,,,,,
SGD,12,27,"0,3076923077","0,6923076923",,,,,,,
SGD,12,27,"0,3076923077","0,6923076923",,,,,,,
SGD,10,29,"0,2564102564","0,7435897436",,,,,,,
SGD,13,26,"0,3333333333","0,6666666667",,,,,,,
SGD,15,24,"0,3846153846","0,6153846154",,,,,,,
SGD,19,20,"0,4871794872","0,5128205128",,,,,,,
SGD,14,25,"0,358974359","0,641025641",,,,,,,
SGD,15,24,"0,3846153846","0,6153846154",,,,,,,
SGD,12,27,"0,3076923077","0,6923076923",,,,,,,
SGD,16,23,"0,4102564103","0,5897435897",,,,,,,
SGD,11,28,"0,2820512821","0,7179487179",,,,,,,
SGD,13,26,"0,3333333333","0,6666666667",,,,,,,
SGD,13,26,"0,3333333333","0,6666666667",,,,,,,
SGD,7,32,"0,1794871795","0,8205128205",,,,,,,
SGD,10,29,"0,2564102564","0,7435897436",,,,,,,
SGD,19,20,"0,4871794872","0,5128205128",,,,,,,
SGD,15,24,"0,3846153846","0,6153846154",,,,,,,
SGD,11,28,"0,2820512821","0,7179487179",,,,,,,
SGD,18,21,"0,4615384615","0,5384615385",,,,,,,
SGD,17,22,"0,4358974359","0,5641025641",,,,,,,
SGD,16,23,"0,4102564103","0,5897435897",,,,,,,
SGD,10,29,"0,2564102564","0,7435897436",,,,,,,
SGD,12,27,"0,3076923077","0,6923076923",,,,,,,
SGD,10,29,"0,2564102564","0,7435897436",,,,,,,
SGD,13,26,"0,3333333333","0,6666666667",,,,,,,
SGD,19,20,"0,4871794872","0,5128205128",,,,,,,
SGD,17,22,"0,4358974359","0,5641025641",,,,,,,
SGD,13,26,"0,3333333333","0,6666666667",,,,,,,
SGD,10,29,"0,2564102564","0,7435897436",,,,,,,
SGD,11,28,"0,2820512821","0,7179487179",,,,,,,
SGD,13,26,"0,3333333333","0,6666666667",,,,,,,
SGD,12,27,"0,3076923077","0,6923076923",,,,,,,
SGD,14,25,"0,358974359","0,641025641",,,,,,,
SGD,9,30,"0,2307692308","0,7692307692",,,,,,,
SGD,5,34,"0,1282051282","0,8717948718",,,,,,,
SGD,12,27,"0,3076923077","0,6923076923",,,,,,,
SGD,13,26,"0,3333333333","0,6666666667",,,,,,,
SGD,11,28,"0,2820512821","0,7179487179",,,,,,,
SGD,17,22,"0,4358974359","0,5641025641",,,,,,,
SGD,16,23,"0,4102564103","0,5897435897",,,,,,,
